user_id,timestamp,action,data_gb,after_hours,anomalous_geo,origin_type
USR0095,2025-08-02T16:03:05.965749,read,0.35,0,0,employee
USR0049,2025-08-02T16:18:29.962007,read,0.25,0,0,employee
USR0060,2025-08-02T17:52:26.962860,read,0.5,0,0,employee
USR0054,2025-08-02T19:32:09.962407,read,0.24,0,0,employee
USR0060,2025-08-03T00:28:57.962860,read,0.04,1,0,employee
USR0031,2025-08-03T02:43:55.960785,read,0.18,1,0,employee
USR0067,2025-08-03T07:16:31.963305,read,0.45,0,0,employee
USR0097,2025-08-03T08:50:23.965894,read,0.1,0,0,employee
USR0076,2025-08-03T10:12:02.964096,read,0.01,0,0,employee
USR0078,2025-08-03T10:15:56.964247,read,0.16,0,0,contractor
USR0051,2025-08-03T11:16:20.962144,escalate,0.1,0,0,employee
USR0093,2025-08-03T13:15:46.965602,modify,0.49,0,0,employee
USR0044,2025-08-03T14:33:12.961677,download,2.39,0,0,contractor
USR0063,2025-08-03T20:47:59.963090,read,0.47,1,0,employee
USR0099,2025-08-03T23:41:09.966059,download,2.01,1,0,employee
USR0097,2025-08-04T00:14:31.965894,read,0.24,1,0,employee
USR0052,2025-08-04T02:50:16.962246,write,0.72,1,0,employee
USR0042,2025-08-04T03:39:31.961553,read,0.46,1,0,employee
USR0010,2025-08-04T04:18:34.959478,read,0.14,1,0,employee
USR0011,2025-08-04T05:38:50.959566,read,0.25,1,0,employee
USR0068,2025-08-04T08:20:56.963391,modify,2.13,0,0,employee
USR0076,2025-08-04T13:35:17.964096,read,0.24,0,0,employee
USR0032,2025-08-04T13:51:13.960836,read,0.12,0,0,employee
USR0071,2025-08-04T14:14:34.963684,write,3.5,0,0,employee
USR0070,2025-08-04T15:23:34.963594,download,0.48,0,0,employee
USR0070,2025-08-04T19:40:00.963594,read,0.38,0,0,employee
USR0094,2025-08-04T21:30:30.965701,read,0.43,1,0,employee
USR0045,2025-08-04T21:40:54.961733,read,0.14,1,0,employee
USR0054,2025-08-04T23:44:43.962407,read,0.41,1,0,employee
USR0066,2025-08-05T01:37:48.963260,read,0.36,1,0,employee
USR0053,2025-08-05T01:54:05.962305,read,0.37,1,0,employee
USR0096,2025-08-05T04:13:35.965799,read,0.47,1,0,employee
USR0019,2025-08-05T06:21:27.960084,modify,4.93,1,0,contractor
USR0079,2025-08-05T09:02:42.964350,write,1.61,0,0,contractor
USR0074,2025-08-05T11:08:04.963953,download,4.01,0,0,employee
USR0037,2025-08-05T15:39:57.961230,escalate,0.28,0,0,employee
USR0057,2025-08-05T16:31:04.962645,read,0.21,0,0,employee
USR0055,2025-08-05T17:33:04.962471,escalate,0.14,0,0,employee
USR0092,2025-08-05T17:49:30.965539,modify,2.19,0,0,employee
USR0052,2025-08-05T18:57:09.962246,write,2.59,0,0,employee
USR0010,2025-08-05T22:05:26.959478,read,0.21,1,0,employee
USR0049,2025-08-06T00:37:21.962007,read,0.31,1,0,employee
USR0058,2025-08-06T02:10:05.962718,download,1.27,1,0,employee
USR0086,2025-08-06T05:08:48.964821,read,0.15,1,0,employee
USR0029,2025-08-06T07:09:12.960610,write,3.18,0,0,employee
USR0001,2025-08-06T07:48:36.958788,escalate,0.12,0,0,contractor
USR0060,2025-08-06T08:00:56.962860,download,1.71,0,0,employee
USR0029,2025-08-06T10:13:19.960610,read,0.23,0,0,employee
USR0100,2025-08-06T10:56:24.966133,write,3.96,0,1,employee
USR0039,2025-08-06T12:50:12.961356,write,0.81,0,0,employee
USR0079,2025-08-06T13:42:59.964350,download,3.34,0,0,contractor
USR0075,2025-08-06T14:04:47.964007,read,0.34,0,0,employee
USR0036,2025-08-06T14:32:12.961125,download,3.71,0,0,employee
USR0061,2025-08-06T14:41:15.962958,read,0.22,0,0,employee
USR0047,2025-08-06T18:09:09.961864,write,2.46,0,0,employee
USR0071,2025-08-06T18:15:38.963684,read,0.3,0,0,employee
USR0051,2025-08-06T21:10:21.962144,read,0.15,1,0,employee
USR0001,2025-08-06T21:39:46.958788,modify,0.35,1,0,contractor
USR0010,2025-08-06T22:55:52.959478,read,0.32,1,0,employee
USR0005,2025-08-07T01:16:28.959174,read,0.02,1,0,employee
USR0081,2025-08-07T01:50:21.964493,write,3.94,1,0,employee
USR0100,2025-08-07T02:08:13.966133,write,2.02,1,0,employee
USR0011,2025-08-07T02:22:36.959566,modify,2.62,1,0,employee
USR0021,2025-08-07T02:52:24.960202,download,0.76,1,0,employee
USR0018,2025-08-07T02:54:25.960011,read,0.37,1,0,contractor
USR0039,2025-08-07T04:03:33.961356,read,0.42,1,0,employee
USR0032,2025-08-07T07:36:28.960836,read,0.26,0,0,employee
USR0032,2025-08-07T08:14:52.960836,read,0.05,0,0,employee
USR0018,2025-08-07T08:39:14.960011,write,3.06,0,0,contractor
USR0032,2025-08-07T09:04:04.960836,download,0.53,0,0,employee
USR0010,2025-08-07T09:16:34.959478,read,0.1,0,0,employee
USR0023,2025-08-07T09:54:55.960292,read,0.07,0,0,contractor
USR0034,2025-08-07T13:10:40.960970,read,0.2,0,0,employee
USR0076,2025-08-07T14:30:34.964096,read,0.1,0,0,employee
USR0005,2025-08-07T15:03:29.959174,modify,1.6,0,0,employee
USR0080,2025-08-07T16:44:13.964440,read,0.3,0,0,employee
USR0047,2025-08-07T17:13:29.961864,read,0.36,0,1,employee
USR0090,2025-08-07T17:16:12.965340,read,0.48,0,0,employee
USR0073,2025-08-07T17:17:00.963861,read,0.35,0,0,employee
USR0051,2025-08-07T19:32:59.962144,escalate,0.44,0,0,employee
USR0085,2025-08-07T23:05:47.964715,read,0.05,1,0,employee
USR0071,2025-08-08T00:46:26.963684,read,0.12,1,0,employee
USR0004,2025-08-08T00:58:24.959076,read,0.01,1,0,employee
USR0030,2025-08-08T04:08:48.960710,modify,4.47,1,0,employee
USR0085,2025-08-08T05:24:43.964715,read,0.11,1,0,employee
USR0073,2025-08-08T08:45:18.963861,read,0.5,0,0,employee
USR0017,2025-08-08T10:09:57.959954,read,0.07,0,0,employee
USR0051,2025-08-08T11:55:07.962144,modify,2.81,0,0,employee
USR0058,2025-08-08T14:57:57.962718,escalate,0.2,0,0,employee
USR0008,2025-08-08T16:36:44.959372,download,3.81,0,0,employee
USR0071,2025-08-08T20:00:29.963684,read,0.43,1,0,employee
USR0087,2025-08-08T20:18:19.964918,read,0.02,1,0,employee
USR0020,2025-08-08T20:41:05.960157,modify,0.19,1,0,employee
USR0069,2025-08-08T22:38:18.963487,download,2.44,1,0,employee
USR0067,2025-08-09T01:54:47.963305,download,2.72,1,0,employee
USR0051,2025-08-09T03:02:10.962144,download,4.55,1,0,employee
USR0088,2025-08-09T03:22:36.965168,download,0.69,1,0,contractor
USR0010,2025-08-09T04:39:05.959478,write,3.48,1,0,employee
USR0089,2025-08-09T05:10:12.965283,download,3.48,1,0,employee
USR0085,2025-08-09T07:14:40.964715,write,2.92,0,0,employee
USR0042,2025-08-09T07:44:30.961553,download,2.88,0,0,vendor
USR0021,2025-08-09T08:27:44.960202,read,0.38,0,0,employee
USR0081,2025-08-09T10:48:47.964493,read,0.14,0,0,employee
USR0090,2025-08-09T10:55:44.965340,read,0.21,0,0,employee
USR0073,2025-08-09T18:05:02.963861,modify,3.82,0,0,employee
USR0005,2025-08-09T19:11:37.959174,download,3.88,0,0,employee
USR0015,2025-08-09T20:12:12.959792,read,0.4,1,0,employee
USR0036,2025-08-09T21:22:39.961125,download,1.91,1,0,employee
USR0068,2025-08-10T01:52:40.963391,write,0.35,1,0,employee
USR0088,2025-08-10T02:11:18.965168,download,0.23,1,0,contractor
USR0096,2025-08-10T04:29:51.965799,modify,0.83,1,0,employee
USR0090,2025-08-10T05:59:19.965340,read,0.24,1,0,employee
USR0043,2025-08-10T06:44:29.961614,modify,3.43,1,0,contractor
USR0034,2025-08-10T07:32:26.960970,read,0.1,0,0,employee
USR0003,2025-08-10T07:45:55.958980,read,0.02,0,0,employee
USR0003,2025-08-10T10:25:34.958980,read,0.28,0,0,employee
USR0074,2025-08-10T12:44:35.963953,download,2.74,0,0,employee
USR0027,2025-08-10T14:46:37.960524,delete,0.04,0,0,employee
USR0038,2025-08-10T14:51:53.961305,read,0.45,0,0,employee
USR0012,2025-08-10T16:31:29.959643,read,0.11,0,0,employee
USR0063,2025-08-10T17:28:10.963090,download,2.03,0,0,employee
USR0071,2025-08-10T19:25:20.963684,download,0.28,0,0,employee
USR0069,2025-08-10T21:55:49.963487,read,0.24,1,0,employee
USR0067,2025-08-11T00:25:42.963305,read,0.14,1,0,employee
USR0055,2025-08-11T02:06:20.962471,write,0.86,1,0,employee
USR0034,2025-08-11T04:57:12.960970,download,4.55,1,0,employee
USR0067,2025-08-11T05:57:05.963305,modify,0.52,1,0,employee
USR0091,2025-08-11T06:56:32.965434,modify,2.37,1,0,employee
USR0050,2025-08-11T08:37:22.962096,read,0.37,0,0,employee
USR0081,2025-08-11T08:54:12.964493,read,0.25,0,0,employee
USR0042,2025-08-11T09:57:14.961553,read,0.23,0,0,employee
USR0053,2025-08-11T09:59:09.962305,escalate,0.29,0,0,vendor
USR0075,2025-08-11T10:05:07.964007,modify,2.64,0,0,employee
USR0071,2025-08-11T10:16:52.963684,read,0.15,0,0,employee
USR0041,2025-08-11T12:06:14.961509,download,4.65,0,0,employee
USR0023,2025-08-11T12:23:37.960292,modify,0.43,0,0,contractor
USR0090,2025-08-11T13:40:01.965340,read,0.14,0,0,employee
USR0056,2025-08-11T16:21:45.962554,read,0.24,0,0,employee
USR0075,2025-08-11T16:26:07.964007,download,1.06,0,0,vendor
USR0073,2025-08-11T21:52:09.963861,delete,0.4,1,0,employee
USR0012,2025-08-11T22:03:41.959643,modify,1.99,1,0,employee
USR0099,2025-08-12T01:36:56.966059,download,1.99,1,0,employee
USR0056,2025-08-12T02:29:29.962554,download,2.18,1,0,employee
USR0070,2025-08-12T03:34:10.963594,read,0.21,1,0,employee
USR0062,2025-08-12T04:21:29.963028,read,0.01,1,0,employee
USR0018,2025-08-12T07:52:41.960011,read,0.11,0,0,contractor
USR0061,2025-08-12T08:47:39.962958,read,0.39,0,0,employee
USR0070,2025-08-12T09:00:04.963594,write,2.19,0,0,employee
USR0099,2025-08-12T10:38:38.966059,modify,3.28,0,0,employee
USR0010,2025-08-12T10:57:30.959478,read,0.27,0,0,employee
USR0069,2025-08-12T12:52:55.963487,read,0.13,0,0,employee
USR0003,2025-08-12T14:55:21.958980,read,0.06,0,0,employee
USR0076,2025-08-12T15:04:32.964096,read,0.41,0,0,employee
USR0039,2025-08-12T16:23:02.961356,download,3.31,0,0,employee
USR0002,2025-08-12T17:24:23.958922,write,1.27,0,0,employee
USR0088,2025-08-12T21:02:35.965168,read,0.21,1,0,contractor
USR0093,2025-08-13T00:12:55.965602,download,2.88,1,0,vendor
USR0043,2025-08-13T00:27:22.961614,read,0.13,1,0,contractor
USR0007,2025-08-13T01:52:51.959329,download,2.84,1,0,employee
USR0083,2025-08-13T03:08:20.964624,write,2.06,1,0,contractor
USR0032,2025-08-13T03:46:29.960836,modify,1.66,1,1,employee
USR0087,2025-08-13T04:59:52.964918,read,0.44,1,0,employee
USR0091,2025-08-13T06:28:45.965434,read,0.45,1,0,employee
USR0062,2025-08-13T08:28:49.963028,read,0.4,0,0,employee
USR0079,2025-08-13T08:57:14.964350,read,0.47,0,0,contractor
USR0099,2025-08-13T11:43:57.966059,read,0.28,0,0,employee
USR0050,2025-08-13T14:03:56.962096,download,2.75,0,0,external_attacker
USR0064,2025-08-13T16:27:38.963142,download,4.73,0,0,employee
USR0033,2025-08-13T17:06:00.960911,download,0.84,0,0,employee
USR0068,2025-08-13T17:24:50.963391,read,0.05,0,0,employee
USR0016,2025-08-13T18:01:56.959878,read,0.03,0,0,employee
USR0027,2025-08-13T21:00:27.960524,read,0.44,1,0,employee
USR0032,2025-08-13T21:39:43.960836,read,0.38,1,0,employee
USR0009,2025-08-13T22:42:39.959415,read,0.34,1,0,employee
USR0068,2025-08-13T23:28:11.963391,write,3.58,1,0,employee
USR0055,2025-08-14T00:07:11.962471,write,4.0,1,0,employee
USR0066,2025-08-14T00:11:35.963260,modify,4.88,1,0,employee
USR0079,2025-08-14T02:12:41.964350,read,0.14,1,0,contractor
USR0054,2025-08-14T02:38:20.962407,read,0.19,1,0,employee
USR0054,2025-08-14T03:17:41.962407,read,0.23,1,0,employee
USR0008,2025-08-14T03:20:09.959372,modify,0.57,1,0,employee
USR0098,2025-08-14T04:39:30.965985,download,3.71,1,0,employee
USR0100,2025-08-14T05:22:59.966133,write,4.72,1,0,employee
USR0069,2025-08-14T05:38:59.963487,read,0.14,1,0,employee
USR0036,2025-08-14T05:58:00.961125,write,1.06,1,0,employee
USR0043,2025-08-14T07:11:21.961614,read,0.21,0,0,contractor
USR0079,2025-08-14T09:29:29.964350,read,0.37,0,1,contractor
USR0080,2025-08-14T09:43:26.964440,read,0.49,0,1,employee
USR0088,2025-08-14T10:20:24.965168,read,0.41,0,0,contractor
USR0094,2025-08-14T12:15:10.965701,modify,2.4,0,0,employee
USR0047,2025-08-14T12:27:45.961864,write,3.67,0,0,employee
USR0069,2025-08-14T13:54:31.963487,write,4.55,0,0,employee
USR0081,2025-08-14T14:24:33.964493,read,0.28,0,0,employee
USR0004,2025-08-14T17:10:06.959076,read,0.44,0,0,employee
USR0097,2025-08-14T18:24:16.965894,download,0.94,0,0,employee
USR0095,2025-08-14T18:27:51.965749,read,0.47,0,0,employee
USR0045,2025-08-14T19:12:58.961733,read,0.38,0,0,employee
USR0090,2025-08-14T20:25:50.965340,write,2.77,1,0,employee
USR0093,2025-08-14T22:10:10.965602,download,1.96,1,0,employee
USR0082,2025-08-15T00:47:15.964575,read,0.34,1,0,employee
USR0098,2025-08-15T00:47:41.965985,write,0.95,1,0,employee
USR0092,2025-08-15T01:47:26.965539,read,0.06,1,0,employee
USR0004,2025-08-15T02:53:36.959076,modify,0.78,1,0,employee
USR0004,2025-08-15T04:31:14.959076,read,0.28,1,0,employee
USR0031,2025-08-15T05:23:23.960785,read,0.1,1,0,employee
USR0036,2025-08-15T06:55:45.961125,read,0.0,1,0,employee
USR0072,2025-08-15T06:59:26.963792,read,0.48,1,0,employee
USR0018,2025-08-15T08:09:31.960011,download,0.48,0,0,contractor
USR0001,2025-08-15T09:13:07.958788,download,2.78,0,0,contractor
USR0068,2025-08-15T09:38:43.963391,modify,4.26,0,0,employee
USR0056,2025-08-15T10:57:26.962554,delete,0.39,0,0,employee
USR0061,2025-08-15T14:37:44.962958,download,0.23,0,0,employee
USR0035,2025-08-15T14:37:52.961046,escalate,0.48,0,0,employee
USR0044,2025-08-15T17:11:38.961677,read,0.39,0,0,contractor
USR0053,2025-08-15T19:08:22.962305,download,0.47,0,0,employee
USR0037,2025-08-15T21:38:38.961230,read,0.33,1,0,employee
USR0097,2025-08-15T21:45:12.965894,escalate,0.44,1,0,employee
USR0052,2025-08-16T00:16:48.962246,read,0.16,1,0,employee
USR0035,2025-08-16T01:50:05.961046,read,0.43,1,0,employee
USR0064,2025-08-16T02:21:40.963142,download,1.13,1,0,employee
USR0068,2025-08-16T03:46:41.963391,download,4.01,1,0,employee
USR0015,2025-08-16T04:09:47.959792,modify,0.56,1,0,employee
USR0066,2025-08-16T04:43:55.963260,read,0.18,1,0,employee
USR0067,2025-08-16T05:04:06.963305,download,1.53,1,0,employee
USR0038,2025-08-16T06:04:47.961305,read,0.28,1,0,employee
USR0061,2025-08-16T08:57:28.962958,download,3.07,0,0,employee
USR0090,2025-08-16T09:38:44.965340,read,0.48,0,0,employee
USR0025,2025-08-16T10:58:28.960395,read,0.06,0,0,employee
USR0079,2025-08-16T11:03:43.964350,write,1.43,0,0,contractor
USR0080,2025-08-16T11:48:33.964440,download,1.93,0,0,employee
USR0040,2025-08-16T12:23:44.961418,escalate,0.05,0,0,employee
USR0091,2025-08-16T12:23:55.965434,modify,4.06,0,1,employee
USR0079,2025-08-16T12:45:43.964350,write,1.92,0,0,vendor
USR0092,2025-08-16T13:26:33.965539,read,0.45,0,0,employee
USR0069,2025-08-16T13:55:22.963487,read,0.25,0,0,employee
USR0067,2025-08-16T14:33:21.963305,download,2.91,0,0,employee
USR0056,2025-08-16T14:44:52.962554,read,0.0,0,0,employee
USR0029,2025-08-16T15:03:11.960610,read,0.29,0,0,employee
USR0085,2025-08-16T16:47:43.964715,read,0.46,0,0,employee
USR0093,2025-08-16T17:01:46.965602,delete,0.39,0,0,employee
USR0041,2025-08-16T18:29:31.961509,read,0.25,0,1,employee
USR0011,2025-08-16T19:52:36.959566,read,0.01,0,0,employee
USR0078,2025-08-16T22:03:54.964247,download,0.66,1,0,contractor
USR0028,2025-08-16T23:25:48.960565,modify,2.82,1,0,employee
USR0100,2025-08-17T01:02:31.966133,read,0.38,1,0,employee
USR0023,2025-08-17T01:28:18.960292,read,0.1,1,0,contractor
USR0060,2025-08-17T02:42:28.962860,download,4.06,1,0,employee
USR0009,2025-08-17T05:02:00.959415,download,3.62,1,0,employee
USR0030,2025-08-17T05:12:46.960710,read,0.44,1,0,employee
USR0060,2025-08-17T09:07:23.962860,read,0.02,0,0,external_attacker
USR0079,2025-08-17T13:04:39.964350,modify,1.7,0,0,contractor
USR0096,2025-08-17T13:30:47.965799,read,0.06,0,1,employee
USR0074,2025-08-17T14:10:30.963953,modify,4.54,0,0,employee
USR0015,2025-08-17T15:01:55.959792,modify,2.42,0,0,employee
USR0013,2025-08-17T15:12:47.959702,download,0.52,0,0,employee
USR0001,2025-08-17T15:17:13.958788,read,0.23,0,0,contractor
USR0013,2025-08-17T15:20:36.959702,escalate,0.08,0,0,employee
USR0075,2025-08-17T17:11:26.964007,read,0.45,0,0,employee
USR0043,2025-08-17T19:20:53.961614,read,0.0,0,0,contractor
USR0037,2025-08-17T20:06:44.961230,escalate,0.13,1,0,employee
USR0077,2025-08-17T21:45:52.964194,read,0.31,1,0,employee
USR0047,2025-08-18T01:26:37.961864,write,3.23,1,0,employee
USR0036,2025-08-18T06:50:37.961125,download,0.24,1,0,employee
USR0081,2025-08-18T07:58:46.964493,read,0.42,0,0,employee
USR0001,2025-08-18T09:54:56.958788,read,0.25,0,0,external_attacker
USR0046,2025-08-18T12:17:51.961802,read,0.36,0,0,employee
USR0052,2025-08-18T13:30:07.962246,write,2.63,0,0,employee
USR0053,2025-08-18T13:59:09.962305,read,0.29,0,0,employee
USR0096,2025-08-18T14:06:01.965799,write,3.04,0,0,employee
USR0090,2025-08-18T14:22:11.965340,modify,0.41,0,0,employee
USR0009,2025-08-18T15:15:05.959415,download,2.9,0,0,employee
USR0061,2025-08-18T16:20:39.962958,read,0.06,0,0,employee
USR0001,2025-08-18T17:35:11.958788,modify,2.99,0,1,contractor
USR0003,2025-08-18T20:09:45.958980,write,3.06,1,0,employee
USR0045,2025-08-18T21:43:54.961733,write,2.67,1,0,employee
USR0058,2025-08-18T22:10:28.962718,read,0.24,1,0,employee
USR0040,2025-08-18T22:40:19.961418,download,2.24,1,0,employee
USR0061,2025-08-18T23:26:20.962958,download,3.46,1,0,employee
USR0069,2025-08-19T01:00:20.963487,read,0.35,1,0,employee
USR0058,2025-08-19T01:50:07.962718,delete,0.14,1,0,employee
USR0051,2025-08-19T04:43:32.962144,read,0.3,1,0,employee
USR0040,2025-08-19T05:18:05.961418,write,0.6,1,0,employee
USR0027,2025-08-19T05:55:12.960524,read,0.27,1,0,employee
USR0100,2025-08-19T06:33:55.966133,read,0.44,1,0,employee
USR0095,2025-08-19T07:42:59.965749,write,1.09,0,0,employee
USR0065,2025-08-19T08:01:43.963204,read,0.02,0,0,employee
USR0029,2025-08-19T09:06:24.960610,read,0.3,0,0,employee
USR0016,2025-08-19T09:52:13.959878,read,0.06,0,0,employee
USR0090,2025-08-19T12:32:46.965340,read,0.36,0,0,employee
USR0036,2025-08-19T12:49:27.961125,download,2.58,0,0,employee
USR0026,2025-08-19T13:46:25.960437,download,0.45,0,0,employee
USR0089,2025-08-19T16:24:11.965283,download,2.52,0,0,employee
USR0026,2025-08-19T16:27:04.960437,escalate,0.36,0,0,employee
USR0038,2025-08-19T17:25:34.961305,read,0.37,0,0,employee
USR0071,2025-08-19T17:55:39.963684,read,0.42,0,0,employee
USR0044,2025-08-19T19:22:37.961677,read,0.18,0,0,contractor
USR0036,2025-08-19T21:17:04.961125,write,0.58,1,0,employee
USR0053,2025-08-20T00:40:10.962305,read,0.45,1,0,employee
USR0021,2025-08-20T01:45:17.960202,download,3.87,1,0,employee
USR0003,2025-08-20T04:20:46.958980,download,0.18,1,0,employee
USR0001,2025-08-20T05:15:13.958788,read,0.01,1,0,contractor
USR0040,2025-08-20T07:40:22.961418,delete,0.13,0,0,employee
USR0004,2025-08-20T07:51:25.959076,read,0.3,0,0,employee
USR0045,2025-08-20T12:20:17.961733,read,0.04,0,0,employee
USR0099,2025-08-20T14:33:38.966059,download,4.95,0,0,employee
USR0075,2025-08-20T18:05:34.964007,download,0.09,0,0,employee
USR0036,2025-08-20T19:32:21.961125,read,0.36,0,0,employee
USR0055,2025-08-20T20:28:36.962471,download,1.52,1,0,employee
USR0025,2025-08-20T22:28:06.960395,read,0.16,1,0,employee
USR0087,2025-08-20T22:42:47.964918,read,0.31,1,0,employee
USR0030,2025-08-20T22:45:46.960710,delete,0.11,1,0,employee
USR0019,2025-08-20T23:25:49.960084,read,0.22,1,0,contractor
USR0085,2025-08-21T01:04:57.964715,read,0.44,1,0,employee
USR0093,2025-08-21T02:15:09.965602,modify,4.19,1,0,employee
USR0097,2025-08-21T03:00:47.965894,read,0.41,1,0,employee
USR0006,2025-08-21T07:51:36.959256,modify,4.09,0,0,employee
USR0090,2025-08-21T08:19:45.965340,write,4.84,0,0,employee
USR0052,2025-08-21T10:10:48.962246,write,2.26,0,0,employee
USR0036,2025-08-21T10:44:04.961125,write,2.02,0,0,employee
USR0054,2025-08-21T10:52:08.962407,download,0.98,0,0,employee
USR0005,2025-08-21T13:25:55.959174,read,0.05,0,0,employee
USR0059,2025-08-21T14:03:43.962791,read,0.46,0,0,employee
USR0085,2025-08-21T15:11:01.964715,write,4.0,0,0,employee
USR0036,2025-08-21T17:39:30.961125,write,4.22,0,0,employee
USR0047,2025-08-21T22:54:42.961864,modify,0.9,1,0,employee
USR0069,2025-08-21T23:45:25.963487,download,2.54,1,0,employee
USR0069,2025-08-22T02:29:59.963487,read,0.01,1,0,employee
USR0085,2025-08-22T02:45:09.964715,download,0.6,1,0,employee
USR0051,2025-08-22T03:30:28.962144,read,0.34,1,0,employee
USR0085,2025-08-22T04:49:29.964715,write,4.27,1,0,employee
USR0076,2025-08-22T05:00:17.964096,read,0.1,1,0,employee
USR0053,2025-08-22T06:23:16.962305,read,0.07,1,0,employee
USR0043,2025-08-22T08:19:57.961614,modify,4.24,0,0,contractor
USR0086,2025-08-22T08:52:39.964821,write,3.93,0,0,employee
USR0011,2025-08-22T09:10:24.959566,read,0.28,0,0,employee
USR0087,2025-08-22T11:41:00.964918,modify,2.23,0,0,employee
USR0090,2025-08-22T11:43:09.965340,read,0.04,0,0,employee
USR0090,2025-08-22T12:04:35.965340,read,0.38,0,0,employee
USR0077,2025-08-22T14:26:12.964194,download,0.62,0,0,vendor
USR0009,2025-08-22T14:28:20.959415,write,3.64,0,0,employee
USR0019,2025-08-22T14:34:31.960084,write,1.39,0,0,contractor
USR0010,2025-08-22T16:03:25.959478,read,0.17,0,0,employee
USR0017,2025-08-22T17:18:39.959954,modify,2.58,0,0,employee
USR0017,2025-08-22T18:03:49.959954,read,0.33,0,0,employee
USR0027,2025-08-22T18:05:15.960524,read,0.2,0,0,employee
USR0086,2025-08-22T18:39:44.964821,read,0.2,0,0,employee
USR0006,2025-08-22T18:50:40.959256,write,2.68,0,0,employee
USR0067,2025-08-22T20:01:24.963305,write,2.39,1,0,employee
USR0047,2025-08-22T21:34:09.961864,read,0.4,1,0,employee
USR0091,2025-08-23T00:04:55.965434,read,0.47,1,0,vendor
USR0064,2025-08-23T00:42:27.963142,read,0.32,1,0,employee
USR0057,2025-08-23T04:01:16.962645,write,0.06,1,0,employee
USR0073,2025-08-23T06:21:18.963861,read,0.13,1,0,employee
USR0081,2025-08-23T07:36:19.964493,read,0.13,0,0,employee
USR0049,2025-08-23T10:20:27.962007,download,0.87,0,0,employee
USR0088,2025-08-23T18:05:33.965168,read,0.22,0,0,contractor
USR0063,2025-08-23T19:50:38.963090,read,0.28,0,0,employee
USR0086,2025-08-23T21:12:45.964821,read,0.21,1,0,employee
USR0040,2025-08-23T23:00:25.961418,write,4.14,1,0,employee
USR0086,2025-08-23T23:23:07.964821,read,0.26,1,0,employee
USR0037,2025-08-24T00:10:35.961230,read,0.03,1,0,employee
USR0100,2025-08-24T01:16:23.966133,modify,1.29,1,0,employee
USR0046,2025-08-24T01:52:11.961802,download,0.18,1,0,employee
USR0011,2025-08-24T03:27:29.959566,read,0.03,1,0,employee
USR0093,2025-08-24T05:28:46.965602,read,0.37,1,0,employee
USR0034,2025-08-24T06:47:45.960970,download,2.82,1,0,employee
USR0021,2025-08-24T07:54:39.960202,read,0.18,0,0,employee
USR0026,2025-08-24T08:01:57.960437,read,0.37,0,0,employee
USR0056,2025-08-24T09:19:51.962554,modify,2.18,0,0,employee
USR0100,2025-08-24T09:38:44.966133,read,0.07,0,0,employee
USR0075,2025-08-24T10:20:47.964007,read,0.1,0,0,employee
USR0006,2025-08-24T11:49:49.959256,write,3.19,0,0,employee
USR0094,2025-08-24T11:59:19.965701,delete,0.38,0,0,employee
USR0052,2025-08-24T15:06:24.962246,modify,2.6,0,0,employee
USR0065,2025-08-24T16:17:32.963204,read,0.15,0,0,employee
USR0062,2025-08-24T18:37:22.963028,write,4.31,0,0,employee
USR0082,2025-08-24T19:02:58.964575,escalate,0.23,0,0,employee
USR0043,2025-08-24T21:56:40.961614,modify,2.47,1,1,contractor
USR0062,2025-08-24T23:56:18.963028,write,1.41,1,0,employee
USR0022,2025-08-25T03:13:20.960247,write,1.98,1,0,employee
USR0056,2025-08-25T03:44:19.962554,read,0.29,1,0,employee
USR0054,2025-08-25T06:07:58.962407,write,3.45,1,0,employee
USR0069,2025-08-25T06:28:40.963487,read,0.01,1,0,employee
USR0086,2025-08-25T10:00:28.964821,write,1.88,0,0,employee
USR0073,2025-08-25T11:04:20.963861,download,0.91,0,0,employee
USR0034,2025-08-25T11:26:30.960970,read,0.41,0,0,employee
USR0057,2025-08-25T12:00:13.962645,read,0.01,0,0,employee
USR0008,2025-08-25T14:28:37.959372,download,4.56,0,0,employee
USR0090,2025-08-25T14:29:41.965340,download,1.75,0,0,employee
USR0062,2025-08-25T16:22:40.963028,read,0.22,0,0,employee
USR0085,2025-08-25T17:00:17.964715,download,4.04,0,0,employee
USR0055,2025-08-25T17:35:55.962471,download,4.46,0,0,employee
USR0100,2025-08-25T18:56:15.966133,read,0.01,0,0,employee
USR0064,2025-08-25T19:54:24.963142,read,0.26,0,0,employee
USR0030,2025-08-25T23:47:47.960710,read,0.34,1,0,employee
USR0063,2025-08-26T00:17:04.963090,download,0.13,1,0,employee
USR0010,2025-08-26T00:38:43.959478,download,0.88,1,0,employee
USR0049,2025-08-26T00:46:35.962007,read,0.18,1,0,employee
USR0002,2025-08-26T01:42:58.958922,read,0.39,1,0,employee
USR0059,2025-08-26T03:16:47.962791,escalate,0.13,1,0,employee
USR0015,2025-08-26T03:48:08.959792,read,0.05,1,0,employee
USR0076,2025-08-26T05:13:13.964096,modify,1.74,1,0,employee
USR0061,2025-08-26T07:35:07.962958,download,3.3,0,0,employee
USR0010,2025-08-26T10:07:26.959478,download,4.57,0,0,employee
USR0006,2025-08-26T14:17:00.959256,read,0.14,0,0,employee
USR0083,2025-08-26T15:45:42.964624,read,0.03,0,0,contractor
USR0096,2025-08-26T16:33:49.965799,read,0.05,0,0,employee
USR0023,2025-08-26T18:14:38.960292,download,0.47,0,0,contractor
USR0035,2025-08-26T18:17:25.961046,read,0.03,0,0,employee
USR0095,2025-08-26T18:31:10.965749,download,4.98,0,0,employee
USR0043,2025-08-26T21:41:05.961614,read,0.38,1,0,contractor
USR0046,2025-08-26T22:09:08.961802,read,0.27,1,0,employee
USR0053,2025-08-26T22:35:10.962305,download,1.81,1,0,employee
USR0083,2025-08-26T23:20:54.964624,read,0.31,1,0,contractor
USR0099,2025-08-27T03:40:03.966059,read,0.1,1,0,employee
USR0015,2025-08-27T04:38:35.959792,write,3.44,1,0,employee
USR0047,2025-08-27T06:06:49.961864,read,0.31,1,0,employee
USR0049,2025-08-27T07:55:22.962007,read,0.02,0,0,employee
USR0051,2025-08-27T11:06:31.962144,modify,2.55,0,0,employee
USR0073,2025-08-27T12:54:04.963861,read,0.16,0,0,employee
USR0080,2025-08-27T16:52:57.964440,read,0.2,0,0,employee
USR0100,2025-08-27T18:58:50.966133,read,0.18,0,0,employee
USR0082,2025-08-27T20:49:15.964575,write,1.27,1,0,employee
USR0065,2025-08-27T21:42:48.963204,read,0.17,1,0,employee
USR0023,2025-08-27T22:05:05.960292,download,1.25,1,0,contractor
USR0058,2025-08-27T22:43:43.962718,read,0.47,1,0,employee
USR0011,2025-08-27T23:29:59.959566,modify,0.9,1,0,employee
USR0030,2025-08-28T00:22:07.960710,read,0.37,1,0,external_attacker
USR0008,2025-08-28T01:18:54.959372,read,0.08,1,0,employee
USR0020,2025-08-28T04:34:09.960157,delete,0.11,1,0,employee
USR0029,2025-08-28T07:20:06.960610,download,1.35,0,0,employee
USR0036,2025-08-28T07:34:30.961125,read,0.2,0,0,employee
USR0040,2025-08-28T08:13:48.961418,download,3.68,0,0,employee
USR0050,2025-08-28T12:16:34.962096,read,0.18,0,0,employee
USR0060,2025-08-28T12:41:39.962860,escalate,0.24,0,0,employee
USR0070,2025-08-28T13:07:09.963594,read,0.11,0,0,employee
USR0013,2025-08-28T16:16:20.959702,read,0.05,0,0,employee
USR0086,2025-08-28T17:07:08.964821,read,0.23,0,0,employee
USR0100,2025-08-28T17:32:12.966133,download,2.18,0,0,employee
USR0091,2025-08-28T18:43:02.965434,read,0.4,0,0,employee
USR0096,2025-08-28T21:17:22.965799,write,2.47,1,0,vendor
USR0051,2025-08-28T23:59:01.962144,read,0.07,1,0,employee
USR0051,2025-08-29T00:03:04.962144,download,0.74,1,0,employee
USR0055,2025-08-29T00:29:13.962471,modify,2.8,1,0,employee
USR0033,2025-08-29T01:16:09.960911,download,4.46,1,0,employee
USR0020,2025-08-29T01:36:46.960157,download,0.02,1,0,employee
USR0035,2025-08-29T05:22:36.961046,download,4.92,1,0,employee
USR0082,2025-08-29T07:04:57.964575,read,0.31,0,0,employee
USR0029,2025-08-29T09:36:49.960610,write,1.76,0,0,employee
USR0030,2025-08-29T13:02:27.960710,read,0.25,0,0,employee
USR0034,2025-08-29T16:00:19.960970,read,0.16,0,0,employee
USR0006,2025-08-29T17:59:03.959256,read,0.13,0,0,employee
USR0036,2025-08-29T18:13:51.961125,read,0.04,0,0,employee
USR0005,2025-08-29T19:38:55.959174,read,0.27,0,0,employee
USR0078,2025-08-29T19:47:18.964247,read,0.03,0,0,contractor
USR0099,2025-08-29T20:40:14.966059,read,0.39,1,0,employee
USR0038,2025-08-29T21:44:05.961305,download,0.68,1,0,employee
USR0017,2025-08-29T22:49:40.959954,download,0.47,1,0,employee
USR0081,2025-08-29T23:21:18.964493,read,0.45,1,0,employee
USR0051,2025-08-30T05:39:06.962144,modify,1.53,1,0,employee
USR0042,2025-08-30T06:46:14.961553,escalate,0.11,1,0,employee
USR0007,2025-08-30T06:55:44.959329,read,0.33,1,0,employee
USR0065,2025-08-30T15:16:54.963204,download,2.37,0,0,employee
USR0005,2025-08-30T16:20:34.959174,read,0.03,0,0,employee
USR0006,2025-08-30T17:16:50.959256,download,2.39,0,0,vendor
USR0058,2025-08-30T17:45:24.962718,write,3.29,0,0,employee
USR0079,2025-08-30T18:38:49.964350,download,0.67,0,0,contractor
USR0054,2025-08-30T20:44:18.962407,read,0.2,1,0,vendor
USR0027,2025-08-30T23:49:19.960524,read,0.13,1,0,employee
USR0100,2025-08-30T23:53:47.966133,read,0.39,1,0,employee
USR0088,2025-08-31T00:00:15.965168,read,0.1,1,0,contractor
USR0077,2025-08-31T00:32:53.964194,modify,4.49,1,0,employee
USR0003,2025-08-31T04:22:39.958980,escalate,0.47,1,0,employee
USR0079,2025-08-31T04:52:41.964350,write,4.81,1,0,contractor
USR0035,2025-08-31T05:19:34.961046,write,1.13,1,0,employee
USR0036,2025-08-31T05:20:09.961125,delete,0.17,1,0,employee
USR0076,2025-08-31T06:51:33.964096,read,0.45,1,0,employee
USR0019,2025-08-31T08:30:54.960084,write,3.92,0,0,contractor
USR0003,2025-08-31T08:44:35.958980,download,2.23,0,0,employee
USR0078,2025-08-31T08:56:24.964247,read,0.1,0,0,contractor
USR0100,2025-08-31T10:25:46.966133,read,0.22,0,0,employee
USR0016,2025-08-31T12:56:56.959878,download,1.19,0,0,employee
USR0006,2025-08-31T13:20:39.959256,download,0.51,0,0,employee
USR0071,2025-08-31T14:11:38.963684,read,0.0,0,0,employee
USR0007,2025-08-31T15:09:23.959329,write,2.47,0,0,employee
USR0006,2025-08-31T15:24:20.959256,write,2.94,0,0,employee
USR0095,2025-08-31T15:35:21.965749,write,4.93,0,0,employee
USR0030,2025-08-31T16:05:09.960710,write,4.56,0,0,employee
USR0047,2025-08-31T16:08:13.961864,read,0.05,0,0,employee
USR0023,2025-08-31T16:12:05.960292,read,0.19,0,0,contractor
USR0081,2025-08-31T20:23:25.964493,read,0.31,1,0,employee
USR0019,2025-08-31T22:44:46.960084,read,0.35,1,0,contractor
USR0015,2025-09-01T01:30:12.959792,write,4.83,1,0,employee
USR0067,2025-09-01T02:25:55.963305,write,2.88,1,0,employee
USR0079,2025-09-01T02:29:57.964350,download,2.52,1,1,contractor
USR0100,2025-09-01T02:50:56.966133,read,0.01,1,0,employee
USR0058,2025-09-01T04:23:19.962718,download,4.19,1,0,employee
USR0078,2025-09-01T04:58:34.964247,read,0.31,1,0,contractor
USR0099,2025-09-01T05:03:17.966059,read,0.3,1,0,employee
USR0079,2025-09-01T06:22:40.964350,write,3.22,1,0,contractor
USR0086,2025-09-01T08:52:53.964821,download,2.69,0,0,employee
USR0065,2025-09-01T10:02:14.963204,download,3.47,0,0,employee
USR0003,2025-09-01T10:02:21.958980,download,1.6,0,0,employee
USR0026,2025-09-01T10:48:07.960437,download,0.78,0,0,employee
USR0091,2025-09-01T13:29:41.965434,read,0.41,0,0,employee
USR0066,2025-09-01T13:44:08.963260,write,2.56,0,0,employee
USR0055,2025-09-01T14:11:59.962471,read,0.43,0,0,employee
USR0056,2025-09-01T19:07:02.962554,write,2.44,0,0,employee
USR0090,2025-09-01T21:36:48.965340,read,0.36,1,0,employee
USR0068,2025-09-01T21:52:15.963391,read,0.25,1,0,employee
USR0047,2025-09-01T23:07:11.961864,download,0.31,1,0,employee
USR0011,2025-09-02T01:00:48.959566,read,0.37,1,0,employee
USR0078,2025-09-02T02:48:54.964247,write,4.47,1,0,contractor
USR0071,2025-09-02T03:18:12.963684,read,0.19,1,0,employee
USR0055,2025-09-02T04:41:20.962471,read,0.38,1,0,employee
USR0093,2025-09-02T08:00:49.965602,delete,0.19,0,0,employee
USR0096,2025-09-02T09:01:30.965799,read,0.06,0,0,employee
USR0070,2025-09-02T09:23:02.963594,download,4.31,0,0,employee
USR0013,2025-09-02T09:45:57.959702,read,0.31,0,0,employee
USR0026,2025-09-02T11:10:34.960437,download,1.2,0,0,employee
USR0089,2025-09-02T12:46:08.965283,download,0.68,0,0,employee
USR0057,2025-09-02T13:08:33.962645,download,1.35,0,0,employee
USR0072,2025-09-02T16:06:22.963792,download,0.15,0,0,employee
USR0093,2025-09-02T16:40:27.965602,download,2.48,0,0,employee
USR0080,2025-09-02T17:36:10.964440,read,0.38,0,0,employee
USR0003,2025-09-02T20:19:44.958980,write,2.65,1,0,employee
USR0070,2025-09-02T23:08:54.963594,read,0.08,1,0,employee
USR0047,2025-09-03T00:38:38.961864,write,0.55,1,0,employee
USR0050,2025-09-03T01:27:21.962096,modify,1.18,1,0,employee
USR0049,2025-09-03T01:32:50.962007,read,0.41,1,0,employee
USR0053,2025-09-03T01:34:14.962305,read,0.17,1,0,employee
USR0074,2025-09-03T01:45:04.963953,read,0.31,1,0,employee
USR0039,2025-09-03T02:59:33.961356,modify,3.0,1,0,employee
USR0053,2025-09-03T03:00:04.962305,read,0.45,1,0,employee
USR0080,2025-09-03T03:20:03.964440,escalate,0.12,1,0,employee
USR0098,2025-09-03T04:53:43.965985,read,0.06,1,0,employee
USR0062,2025-09-03T06:45:11.963028,read,0.13,1,0,employee
USR0088,2025-09-03T07:31:04.965168,download,2.5,0,0,contractor
USR0062,2025-09-03T07:47:43.963028,write,2.77,0,0,employee
USR0023,2025-09-03T11:40:00.960292,download,0.62,0,0,contractor
USR0003,2025-09-03T11:57:39.958980,read,0.5,0,0,employee
USR0009,2025-09-03T12:25:18.959415,read,0.5,0,0,employee
USR0014,2025-09-03T15:44:24.959750,read,0.4,0,0,contractor
USR0060,2025-09-03T16:24:49.962860,read,0.48,0,0,vendor
USR0012,2025-09-03T19:46:07.959643,read,0.38,0,0,vendor
USR0089,2025-09-03T21:34:36.965283,read,0.46,1,0,employee
USR0014,2025-09-03T21:58:27.959750,write,1.51,1,0,contractor
USR0073,2025-09-03T23:28:41.963861,download,4.34,1,0,employee
USR0076,2025-09-04T01:46:45.964096,read,0.5,1,0,employee
USR0099,2025-09-04T02:47:09.966059,read,0.21,1,0,employee
USR0083,2025-09-04T02:50:00.964624,modify,4.58,1,0,contractor
USR0064,2025-09-04T04:17:41.963142,escalate,0.14,1,0,employee
USR0020,2025-09-04T04:29:04.960157,modify,3.14,1,0,employee
USR0007,2025-09-04T04:33:24.959329,download,4.49,1,0,employee
USR0089,2025-09-04T04:42:14.965283,write,0.93,1,0,employee
USR0067,2025-09-04T05:25:47.963305,write,3.83,1,0,employee
USR0001,2025-09-04T08:34:12.958788,download,2.35,0,0,contractor
USR0059,2025-09-04T10:03:59.962791,write,4.56,0,0,employee
USR0018,2025-09-04T10:52:43.960011,download,0.09,0,0,contractor
USR0069,2025-09-04T12:55:16.963487,modify,3.09,0,0,vendor
USR0085,2025-09-04T19:43:33.964715,download,3.96,0,0,employee
USR0075,2025-09-04T20:10:31.964007,read,0.33,1,0,employee
USR0035,2025-09-04T22:46:16.961046,read,0.23,1,0,employee
USR0018,2025-09-05T00:49:24.960011,read,0.43,1,0,contractor
USR0085,2025-09-05T01:00:06.964715,read,0.18,1,0,employee
USR0029,2025-09-05T01:07:31.960610,download,0.11,1,0,employee
USR0078,2025-09-05T01:47:49.964247,download,3.37,1,0,contractor
USR0091,2025-09-05T02:20:44.965434,download,1.85,1,0,employee
USR0004,2025-09-05T02:37:47.959076,read,0.27,1,0,employee
USR0002,2025-09-05T03:18:00.958922,read,0.02,1,0,employee
USR0016,2025-09-05T10:34:31.959878,read,0.41,0,0,employee
USR0068,2025-09-05T11:14:24.963391,read,0.18,0,0,employee
USR0017,2025-09-05T17:18:41.959954,read,0.37,0,0,employee
USR0025,2025-09-05T19:19:51.960395,read,0.24,0,0,employee
USR0016,2025-09-05T20:02:11.959878,read,0.34,1,0,employee
USR0073,2025-09-06T01:26:05.963861,read,0.38,1,0,employee
USR0023,2025-09-06T04:47:34.960292,read,0.47,1,0,contractor
USR0043,2025-09-06T05:27:22.961614,download,2.29,1,0,contractor
USR0026,2025-09-06T07:18:57.960437,read,0.48,0,0,employee
USR0024,2025-09-06T12:38:38.960355,write,1.17,0,0,contractor
USR0008,2025-09-06T13:40:09.959372,modify,1.84,0,0,employee
USR0049,2025-09-06T14:43:58.962007,write,1.11,0,0,employee
USR0051,2025-09-06T15:13:25.962144,read,0.01,0,0,employee
USR0047,2025-09-06T15:42:25.961864,read,0.02,0,0,employee
USR0048,2025-09-06T16:52:15.961963,read,0.31,0,0,employee
USR0039,2025-09-06T17:37:44.961356,read,0.45,0,0,employee
USR0077,2025-09-06T18:31:51.964194,read,0.09,0,0,employee
USR0005,2025-09-06T20:35:37.959174,download,4.36,1,0,employee
USR0068,2025-09-06T20:41:53.963391,read,0.49,1,0,employee
USR0045,2025-09-06T22:05:15.961733,modify,1.96,1,0,employee
USR0071,2025-09-06T22:42:55.963684,modify,0.51,1,0,employee
USR0095,2025-09-06T23:00:27.965749,read,0.05,1,0,employee
USR0099,2025-09-06T23:03:28.966059,download,2.25,1,0,employee
USR0069,2025-09-06T23:21:28.963487,delete,0.34,1,0,employee
USR0001,2025-09-07T00:43:52.958788,write,4.91,1,0,contractor
USR0093,2025-09-07T02:25:09.965602,download,4.05,1,0,employee
USR0005,2025-09-07T04:32:53.959174,read,0.07,1,0,employee
USR0075,2025-09-07T09:54:15.964007,write,2.56,0,0,employee
USR0088,2025-09-07T11:03:36.965168,modify,0.49,0,0,contractor
USR0048,2025-09-07T11:50:40.961963,download,2.75,0,0,employee
USR0079,2025-09-07T13:02:59.964350,read,0.02,0,0,contractor
USR0061,2025-09-07T13:50:43.962958,read,0.09,0,0,employee
USR0011,2025-09-07T15:39:26.959566,download,2.45,0,0,employee
USR0079,2025-09-07T17:26:02.964350,read,0.32,0,0,contractor
USR0055,2025-09-07T17:42:16.962471,read,0.18,0,0,employee
USR0065,2025-09-07T18:26:50.963204,read,0.37,0,0,employee
USR0022,2025-09-07T19:49:17.960247,download,1.53,0,0,employee
USR0079,2025-09-08T00:24:24.964350,write,3.79,1,0,contractor
USR0049,2025-09-08T01:48:45.962007,write,4.54,1,0,employee
USR0080,2025-09-08T02:51:40.964440,read,0.48,1,0,vendor
USR0067,2025-09-08T03:27:55.963305,write,1.87,1,0,employee
USR0001,2025-09-08T05:40:23.958788,modify,0.75,1,0,contractor
USR0015,2025-09-08T06:18:16.959792,read,0.36,1,0,employee
USR0036,2025-09-08T06:47:16.961125,escalate,0.42,1,0,employee
USR0070,2025-09-08T08:02:40.963594,modify,3.71,0,0,employee
USR0046,2025-09-08T09:29:25.961802,download,1.25,0,0,employee
USR0026,2025-09-08T09:33:03.960437,read,0.12,0,0,employee
USR0034,2025-09-08T10:08:30.960970,read,0.23,0,0,employee
USR0096,2025-09-08T10:51:03.965799,modify,3.99,0,0,employee
USR0014,2025-09-08T13:03:35.959750,read,0.14,0,0,contractor
USR0013,2025-09-08T13:18:58.959702,write,2.57,0,0,employee
USR0087,2025-09-08T16:23:19.964918,read,0.36,0,0,employee
USR0037,2025-09-08T16:36:36.961230,read,0.29,0,0,employee
USR0057,2025-09-08T16:57:47.962645,write,2.62,0,0,employee
USR0024,2025-09-08T19:08:14.960355,read,0.28,0,0,contractor
USR0091,2025-09-08T19:48:51.965434,delete,0.37,0,0,employee
USR0057,2025-09-08T19:49:00.962645,write,4.81,0,0,employee
USR0029,2025-09-08T20:24:29.960610,read,0.11,1,0,employee
USR0031,2025-09-08T21:02:39.960785,download,0.66,1,0,employee
USR0073,2025-09-08T21:27:41.963861,write,1.31,1,0,employee
USR0084,2025-09-08T22:27:02.964673,write,2.94,1,0,employee
USR0035,2025-09-09T00:10:52.961046,read,0.1,1,0,employee
USR0033,2025-09-09T02:38:04.960911,read,0.43,1,0,employee
USR0005,2025-09-09T04:06:36.959174,read,0.29,1,0,employee
USR0087,2025-09-09T04:18:30.964918,read,0.41,1,0,employee
USR0052,2025-09-09T06:42:00.962246,download,0.34,1,0,vendor
USR0039,2025-09-09T08:10:28.961356,download,2.44,0,0,employee
USR0093,2025-09-09T08:17:48.965602,download,3.0,0,0,external_attacker
USR0016,2025-09-09T09:26:50.959878,read,0.09,0,0,employee
USR0051,2025-09-09T09:27:39.962144,download,3.28,0,0,employee
USR0047,2025-09-09T10:34:27.961864,escalate,0.08,0,0,employee
USR0013,2025-09-09T11:44:14.959702,download,1.81,0,0,employee
USR0046,2025-09-09T11:58:23.961802,download,0.37,0,0,employee
USR0070,2025-09-09T13:19:08.963594,write,3.14,0,0,employee
USR0060,2025-09-09T13:44:43.962860,delete,0.15,0,0,employee
USR0087,2025-09-09T14:06:01.964918,read,0.16,0,0,employee
USR0087,2025-09-09T14:40:56.964918,delete,0.08,0,0,employee
USR0037,2025-09-09T14:55:51.961230,read,0.39,0,0,employee
USR0059,2025-09-09T15:18:23.962791,read,0.11,0,0,employee
USR0060,2025-09-09T15:43:05.962860,read,0.11,0,0,employee
USR0076,2025-09-09T16:39:25.964096,write,1.42,0,0,employee
USR0019,2025-09-09T16:41:53.960084,download,3.51,0,0,contractor
USR0016,2025-09-09T18:32:45.959878,write,3.47,0,0,external_attacker
USR0053,2025-09-09T19:45:50.962305,read,0.35,0,0,vendor
USR0057,2025-09-09T22:33:50.962645,read,0.41,1,0,employee
USR0046,2025-09-09T23:41:28.961802,read,0.31,1,0,employee
USR0069,2025-09-09T23:49:46.963487,read,0.03,1,0,employee
USR0037,2025-09-10T00:31:58.961230,read,0.11,1,0,employee
USR0081,2025-09-10T00:58:45.964493,modify,3.54,1,0,employee
USR0093,2025-09-10T00:59:48.965602,read,0.48,1,0,employee
USR0014,2025-09-10T01:52:52.959750,read,0.22,1,0,contractor
USR0029,2025-09-10T02:06:58.960610,read,0.05,1,0,employee
USR0086,2025-09-10T02:21:57.964821,modify,0.06,1,0,employee
USR0023,2025-09-10T03:10:07.960292,read,0.36,1,0,contractor
USR0049,2025-09-10T05:08:25.962007,read,0.29,1,0,employee
USR0035,2025-09-10T06:57:23.961046,read,0.39,1,0,employee
USR0098,2025-09-10T11:37:51.965985,modify,3.56,0,0,employee
USR0033,2025-09-10T12:30:10.960911,read,0.28,0,0,employee
USR0005,2025-09-10T13:16:30.959174,write,0.75,0,0,employee
USR0069,2025-09-10T13:22:28.963487,modify,1.92,0,0,employee
USR0033,2025-09-10T13:43:53.960911,modify,4.22,0,0,employee
USR0015,2025-09-10T13:47:44.959792,read,0.35,0,0,employee
USR0021,2025-09-10T14:04:29.960202,write,3.18,0,0,employee
USR0086,2025-09-10T14:07:27.964821,write,1.8,0,0,employee
USR0066,2025-09-10T15:43:03.963260,read,0.17,0,0,employee
USR0029,2025-09-10T15:55:38.960610,write,2.12,0,0,employee
USR0078,2025-09-10T16:35:12.964247,read,0.1,0,0,contractor
USR0010,2025-09-10T17:11:54.959478,download,2.34,0,0,employee
USR0029,2025-09-10T18:50:58.960610,download,3.45,0,0,employee
USR0005,2025-09-10T19:30:08.959174,read,0.19,0,0,employee
USR0034,2025-09-10T19:33:20.960970,read,0.18,0,0,employee
USR0031,2025-09-10T19:49:37.960785,write,1.7,0,0,external_attacker
USR0060,2025-09-10T21:02:13.962860,escalate,0.27,1,0,vendor
USR0078,2025-09-10T21:05:46.964247,modify,1.85,1,0,contractor
USR0069,2025-09-10T21:54:50.963487,read,0.33,1,0,employee
USR0097,2025-09-11T00:40:09.965894,read,0.04,1,0,employee
USR0057,2025-09-11T01:58:36.962645,write,4.3,1,0,employee
USR0063,2025-09-11T03:20:27.963090,read,0.18,1,0,employee
USR0071,2025-09-11T04:14:48.963684,read,0.04,1,0,employee
USR0052,2025-09-11T07:56:02.962246,read,0.2,0,0,employee
USR0088,2025-09-11T11:26:43.965168,download,4.61,0,0,contractor
USR0072,2025-09-11T11:57:29.963792,read,0.22,0,0,employee
USR0040,2025-09-11T13:00:30.961418,write,1.16,0,0,employee
USR0001,2025-09-11T13:13:19.958788,modify,2.78,0,0,contractor
USR0029,2025-09-11T13:17:43.960610,download,0.68,0,0,employee
USR0088,2025-09-11T14:11:59.965168,read,0.35,0,0,contractor
USR0091,2025-09-11T14:58:14.965434,read,0.31,0,0,employee
USR0046,2025-09-11T15:15:58.961802,read,0.21,0,0,employee
USR0062,2025-09-11T17:16:09.963028,read,0.5,0,0,employee
USR0035,2025-09-11T17:37:07.961046,read,0.32,0,0,employee
USR0080,2025-09-11T17:47:56.964440,read,0.2,0,0,employee
USR0022,2025-09-11T18:20:39.960247,download,0.55,0,0,employee
USR0053,2025-09-11T19:30:54.962305,write,0.81,0,0,employee
USR0055,2025-09-11T20:14:17.962471,write,1.36,1,0,employee
USR0011,2025-09-11T20:22:45.959566,write,0.93,1,0,external_attacker
USR0045,2025-09-11T20:30:59.961733,read,0.37,1,0,employee
USR0067,2025-09-11T20:59:37.963305,read,0.28,1,0,employee
USR0061,2025-09-11T23:13:54.962958,delete,0.44,1,0,employee
USR0076,2025-09-12T00:28:14.964096,modify,2.19,1,0,employee
USR0048,2025-09-12T01:05:36.961963,write,3.73,1,0,employee
USR0032,2025-09-12T03:00:34.960836,delete,0.09,1,0,employee
USR0068,2025-09-12T04:20:22.963391,write,1.01,1,0,employee
USR0011,2025-09-12T04:52:46.959566,read,0.19,1,0,employee
USR0035,2025-09-12T07:24:42.961046,modify,0.67,0,0,vendor
USR0078,2025-09-12T08:54:15.964247,delete,0.35,0,0,contractor
USR0096,2025-09-12T09:47:33.965799,modify,1.95,0,0,employee
USR0098,2025-09-12T13:04:31.965985,modify,3.97,0,0,employee
USR0070,2025-09-12T13:15:20.963594,write,1.44,0,0,external_attacker
USR0044,2025-09-12T14:03:59.961677,read,0.01,0,0,contractor
USR0033,2025-09-12T14:34:38.960911,read,0.47,0,0,employee
USR0085,2025-09-12T15:19:33.964715,delete,0.44,0,0,employee
USR0075,2025-09-12T16:25:59.964007,modify,3.42,0,0,employee
USR0095,2025-09-12T17:37:59.965749,write,0.38,0,0,employee
USR0015,2025-09-12T17:48:42.959792,read,0.39,0,0,employee
USR0073,2025-09-12T18:11:29.963861,read,0.06,0,0,employee
USR0093,2025-09-12T19:08:28.965602,read,0.5,0,0,employee
USR0086,2025-09-12T22:13:38.964821,download,4.61,1,0,employee
USR0075,2025-09-13T00:32:38.964007,read,0.4,1,0,employee
USR0003,2025-09-13T00:46:28.958980,read,0.28,1,0,employee
USR0090,2025-09-13T01:03:46.965340,download,0.15,1,0,employee
USR0084,2025-09-13T05:24:39.964673,write,0.94,1,0,employee
USR0036,2025-09-13T06:20:52.961125,read,0.34,1,0,employee
USR0031,2025-09-13T07:33:14.960785,read,0.45,0,0,employee
USR0020,2025-09-13T08:15:03.960157,download,4.47,0,0,employee
USR0031,2025-09-13T08:26:57.960785,download,1.5,0,0,employee
USR0050,2025-09-13T09:58:40.962096,download,4.02,0,0,employee
USR0003,2025-09-13T11:14:22.958980,modify,1.38,0,0,employee
USR0099,2025-09-13T11:56:22.966059,modify,0.38,0,0,employee
USR0057,2025-09-13T13:49:20.962645,download,3.29,0,0,employee
USR0076,2025-09-13T13:59:27.964096,escalate,0.26,0,0,employee
USR0004,2025-09-13T15:55:33.959076,read,0.12,0,0,employee
USR0096,2025-09-13T18:16:36.965799,read,0.3,0,0,employee
USR0031,2025-09-13T18:28:23.960785,write,1.25,0,0,employee
USR0012,2025-09-13T18:56:05.959643,read,0.48,0,0,employee
USR0075,2025-09-13T19:23:32.964007,download,4.22,0,0,employee
USR0057,2025-09-13T21:55:06.962645,write,3.32,1,0,employee
USR0041,2025-09-13T22:21:18.961509,read,0.2,1,0,employee
USR0060,2025-09-13T23:56:24.962860,download,3.69,1,0,employee
USR0046,2025-09-14T02:23:01.961802,read,0.14,1,0,employee
USR0001,2025-09-14T03:42:18.958788,read,0.21,1,0,contractor
USR0037,2025-09-14T03:42:41.961230,modify,0.07,1,0,employee
USR0061,2025-09-14T06:00:24.962958,read,0.38,1,0,employee
USR0077,2025-09-14T12:39:48.964194,download,2.59,0,0,employee
USR0009,2025-09-14T13:24:55.959415,modify,1.92,0,0,employee
USR0003,2025-09-14T18:14:01.958980,download,0.38,0,0,employee
USR0034,2025-09-14T18:53:14.960970,download,0.24,0,0,employee
USR0032,2025-09-14T19:10:46.960836,write,4.39,0,0,employee
USR0045,2025-09-14T20:32:26.961733,read,0.2,1,0,employee
USR0003,2025-09-14T22:54:40.958980,write,4.46,1,0,employee
USR0010,2025-09-15T00:08:07.959478,read,0.17,1,0,employee
USR0049,2025-09-15T02:36:08.962007,read,0.14,1,0,employee
USR0034,2025-09-15T03:59:51.960970,write,2.17,1,0,employee
USR0036,2025-09-15T05:40:00.961125,write,2.38,1,0,employee
USR0015,2025-09-15T06:15:12.959792,write,2.76,1,0,employee
USR0076,2025-09-15T07:18:03.964096,write,2.12,0,0,employee
USR0045,2025-09-15T09:06:03.961733,read,0.47,0,0,employee
USR0005,2025-09-15T09:15:14.959174,write,3.06,0,0,employee
USR0053,2025-09-15T10:29:32.962305,read,0.07,0,0,employee
USR0088,2025-09-15T10:36:33.965168,read,0.16,0,0,contractor
USR0072,2025-09-15T11:53:59.963792,read,0.12,0,0,employee
USR0055,2025-09-15T12:52:13.962471,download,4.05,0,0,employee
USR0086,2025-09-15T13:16:30.964821,read,0.4,0,0,employee
USR0049,2025-09-15T14:01:43.962007,read,0.22,0,0,employee
USR0063,2025-09-15T14:07:01.963090,read,0.15,0,0,employee
USR0035,2025-09-15T15:03:33.961046,write,3.99,0,0,employee
USR0084,2025-09-15T16:22:37.964673,read,0.33,0,0,employee
USR0053,2025-09-15T17:00:17.962305,download,0.07,0,0,employee
USR0074,2025-09-15T17:52:41.963953,read,0.22,0,0,employee
USR0007,2025-09-15T18:33:44.959329,read,0.12,0,0,employee
USR0039,2025-09-15T19:14:53.961356,download,0.6,0,0,employee
USR0053,2025-09-15T19:20:27.962305,modify,0.82,0,0,employee
USR0100,2025-09-15T21:06:23.966133,read,0.07,1,0,employee
USR0056,2025-09-15T21:26:25.962554,read,0.33,1,0,employee
USR0033,2025-09-15T23:39:52.960911,download,3.06,1,0,employee
USR0016,2025-09-16T02:44:40.959878,read,0.14,1,0,employee
USR0034,2025-09-16T05:37:12.960970,read,0.41,1,0,employee
USR0074,2025-09-16T08:16:23.963953,read,0.12,0,0,employee
USR0068,2025-09-16T08:52:29.963391,read,0.37,0,0,employee
USR0093,2025-09-16T09:08:04.965602,read,0.24,0,0,employee
USR0059,2025-09-16T10:18:47.962791,read,0.05,0,0,employee
USR0075,2025-09-16T15:56:36.964007,read,0.41,0,0,employee
USR0084,2025-09-16T17:32:16.964673,download,2.97,0,0,employee
USR0054,2025-09-16T19:06:51.962407,write,2.83,0,0,employee
USR0051,2025-09-16T19:17:22.962144,write,2.14,0,0,employee
USR0021,2025-09-16T19:36:00.960202,modify,4.86,0,0,employee
USR0056,2025-09-16T20:18:17.962554,read,0.07,1,0,employee
USR0004,2025-09-16T21:19:20.959076,read,0.08,1,0,employee
USR0090,2025-09-17T00:12:50.965340,write,3.32,1,0,employee
USR0056,2025-09-17T03:00:51.962554,read,0.17,1,0,employee
USR0039,2025-09-17T06:16:20.961356,write,0.7,1,0,employee
USR0070,2025-09-17T06:19:56.963594,delete,0.15,1,0,employee
USR0056,2025-09-17T08:18:12.962554,read,0.29,0,0,employee
USR0073,2025-09-17T09:12:15.963861,read,0.45,0,0,employee
USR0040,2025-09-17T10:19:30.961418,read,0.05,0,0,employee
USR0076,2025-09-17T10:30:06.964096,download,2.98,0,0,employee
USR0041,2025-09-17T10:55:11.961509,modify,2.6,0,0,employee
USR0099,2025-09-17T11:49:38.966059,write,4.31,0,0,employee
USR0047,2025-09-17T13:36:56.961864,read,0.48,0,0,employee
USR0044,2025-09-17T13:59:30.961677,download,3.93,0,0,contractor
USR0029,2025-09-17T14:07:50.960610,modify,3.53,0,0,employee
USR0058,2025-09-17T14:23:46.962718,read,0.27,0,0,employee
USR0027,2025-09-17T15:21:06.960524,modify,2.95,0,0,employee
USR0086,2025-09-17T15:47:19.964821,read,0.29,0,0,employee
USR0052,2025-09-17T15:59:44.962246,read,0.2,0,0,employee
USR0037,2025-09-17T16:19:24.961230,modify,2.75,0,0,employee
USR0067,2025-09-17T17:46:51.963305,read,0.16,0,0,employee
USR0087,2025-09-17T18:09:51.964918,delete,0.35,0,0,employee
USR0031,2025-09-18T00:16:31.960785,modify,4.59,1,0,employee
USR0060,2025-09-18T01:59:52.962860,write,0.32,1,0,employee
USR0033,2025-09-18T02:14:37.960911,download,2.41,1,0,employee
USR0072,2025-09-18T02:31:28.963792,read,0.23,1,0,vendor
USR0064,2025-09-18T02:49:22.963142,download,1.45,1,0,employee
USR0015,2025-09-18T04:33:00.959792,delete,0.2,1,0,employee
USR0068,2025-09-18T05:12:38.963391,download,1.58,1,0,employee
USR0097,2025-09-18T05:31:53.965894,read,0.42,1,0,employee
USR0024,2025-09-18T05:35:52.960355,read,0.27,1,0,contractor
USR0074,2025-09-18T05:59:44.963953,write,1.8,1,0,employee
USR0047,2025-09-18T09:11:54.961864,modify,4.1,0,0,employee
USR0040,2025-09-18T10:13:15.961418,read,0.31,0,0,employee
USR0089,2025-09-18T11:17:50.965283,read,0.03,0,0,vendor
USR0006,2025-09-18T16:04:25.959256,read,0.06,0,0,employee
USR0065,2025-09-18T16:13:13.963204,read,0.07,0,0,employee
USR0024,2025-09-18T17:14:14.960355,read,0.16,0,0,contractor
USR0018,2025-09-18T18:46:17.960011,read,0.11,0,0,contractor
USR0029,2025-09-18T19:20:48.960610,read,0.16,0,0,employee
USR0071,2025-09-18T19:56:45.963684,modify,1.1,0,0,employee
USR0079,2025-09-18T20:08:26.964350,download,4.2,1,0,contractor
USR0026,2025-09-18T23:06:37.960437,read,0.3,1,0,vendor
USR0070,2025-09-19T01:48:37.963594,read,0.12,1,0,employee
USR0009,2025-09-19T02:54:14.959415,read,0.47,1,0,employee
USR0006,2025-09-19T03:18:43.959256,modify,4.81,1,0,employee
USR0098,2025-09-19T03:27:46.965985,read,0.34,1,0,employee
USR0094,2025-09-19T03:48:49.965701,write,1.93,1,0,employee
USR0060,2025-09-19T07:13:05.962860,read,0.41,0,0,employee
USR0099,2025-09-19T08:37:56.966059,download,4.27,0,0,vendor
USR0052,2025-09-19T09:00:12.962246,download,2.45,0,0,employee
USR0088,2025-09-19T13:45:41.965168,write,2.62,0,0,contractor
USR0086,2025-09-19T16:48:04.964821,write,0.68,0,0,employee
USR0063,2025-09-19T17:57:00.963090,read,0.15,0,0,employee
USR0098,2025-09-19T18:36:30.965985,read,0.04,0,0,employee
USR0076,2025-09-19T18:55:27.964096,modify,4.12,0,0,employee
USR0055,2025-09-19T22:04:22.962471,write,0.26,1,0,employee
USR0097,2025-09-19T23:49:20.965894,read,0.19,1,0,employee
USR0092,2025-09-20T00:06:06.965539,read,0.47,1,0,employee
USR0015,2025-09-20T03:18:46.959792,modify,3.51,1,0,employee
USR0044,2025-09-20T03:59:58.961677,modify,1.0,1,0,contractor
USR0012,2025-09-20T04:36:24.959643,read,0.02,1,0,employee
USR0098,2025-09-20T09:16:02.965985,read,0.0,0,0,employee
USR0028,2025-09-20T09:50:00.960565,read,0.38,0,0,vendor
USR0004,2025-09-20T11:36:35.959076,read,0.31,0,0,employee
USR0100,2025-09-20T13:49:57.966133,modify,4.95,0,0,employee
USR0035,2025-09-20T14:30:50.961046,write,4.43,0,0,employee
USR0005,2025-09-20T14:51:09.959174,read,0.21,0,0,employee
USR0088,2025-09-20T15:10:38.965168,read,0.01,0,0,contractor
USR0092,2025-09-20T15:44:26.965539,download,3.63,0,0,employee
USR0077,2025-09-20T18:40:36.964194,read,0.46,0,0,employee
USR0095,2025-09-20T19:15:47.965749,delete,0.22,0,0,employee
USR0015,2025-09-20T20:20:42.959792,read,0.34,1,0,vendor
USR0034,2025-09-20T21:04:59.960970,download,3.96,1,0,employee
USR0085,2025-09-20T21:29:57.964715,download,0.04,1,1,employee
USR0090,2025-09-20T22:14:13.965340,read,0.03,1,0,employee
USR0097,2025-09-21T01:10:04.965894,download,4.75,1,0,employee
USR0019,2025-09-21T03:07:33.960084,escalate,0.36,1,0,contractor
USR0094,2025-09-21T03:39:08.965701,read,0.42,1,0,employee
USR0081,2025-09-21T05:00:13.964493,read,0.24,1,0,employee
USR0040,2025-09-21T06:06:50.961418,write,1.28,1,0,employee
USR0096,2025-09-21T07:33:52.965799,read,0.36,0,0,employee
USR0075,2025-09-21T12:01:28.964007,read,0.01,0,0,employee
USR0023,2025-09-21T12:17:59.960292,read,0.18,0,0,contractor
USR0036,2025-09-21T13:12:07.961125,read,0.49,0,0,employee
USR0070,2025-09-21T15:19:46.963594,read,0.31,0,0,employee
USR0097,2025-09-21T15:54:57.965894,modify,1.26,0,0,employee
USR0060,2025-09-21T16:46:53.962860,read,0.45,0,0,employee
USR0021,2025-09-21T17:41:34.960202,modify,3.88,0,0,employee
USR0072,2025-09-21T19:04:19.963792,download,0.68,0,0,employee
USR0028,2025-09-21T20:07:26.960565,download,1.3,1,0,employee
USR0044,2025-09-21T20:33:56.961677,download,0.37,1,0,contractor
USR0030,2025-09-21T21:14:01.960710,read,0.06,1,0,employee
USR0004,2025-09-21T21:23:18.959076,read,0.32,1,0,employee
USR0042,2025-09-21T22:16:48.961553,read,0.48,1,0,employee
USR0019,2025-09-21T22:17:42.960084,read,0.4,1,0,contractor
USR0039,2025-09-21T22:36:44.961356,download,2.61,1,0,employee
USR0004,2025-09-21T23:07:03.959076,write,4.24,1,0,employee
USR0093,2025-09-22T02:57:38.965602,escalate,0.1,1,0,employee
USR0022,2025-09-22T02:58:44.960247,read,0.12,1,0,employee
USR0059,2025-09-22T03:25:44.962791,read,0.07,1,0,employee
USR0092,2025-09-22T03:40:00.965539,escalate,0.05,1,0,employee
USR0009,2025-09-22T04:20:09.959415,download,4.89,1,0,employee
USR0047,2025-09-22T05:41:54.961864,download,2.71,1,0,employee
USR0045,2025-09-22T05:43:13.961733,read,0.44,1,0,employee
USR0079,2025-09-22T10:00:43.964350,read,0.31,0,0,contractor
USR0082,2025-09-22T10:43:00.964575,read,0.0,0,0,employee
USR0020,2025-09-22T12:31:15.960157,read,0.18,0,0,employee
USR0100,2025-09-22T15:21:41.966133,download,1.48,0,0,employee
USR0067,2025-09-22T15:53:32.963305,read,0.14,0,0,employee
USR0078,2025-09-22T21:41:45.964247,write,1.98,1,0,contractor
USR0012,2025-09-22T22:33:08.959643,modify,2.16,1,0,employee
USR0068,2025-09-23T07:43:29.963391,read,0.15,0,0,employee
USR0017,2025-09-23T08:09:22.959954,read,0.24,0,0,employee
USR0097,2025-09-23T08:27:21.965894,read,0.31,0,0,employee
USR0037,2025-09-23T10:55:19.961230,modify,1.79,0,0,employee
USR0100,2025-09-23T11:09:02.966133,download,0.07,0,0,employee
USR0044,2025-09-23T12:07:18.961677,read,0.15,0,0,contractor
USR0081,2025-09-23T12:22:13.964493,read,0.38,0,0,employee
USR0015,2025-09-23T13:01:06.959792,download,2.69,0,0,employee
USR0087,2025-09-23T13:18:19.964918,modify,1.74,0,0,employee
USR0032,2025-09-23T13:52:17.960836,escalate,0.32,0,0,employee
USR0009,2025-09-23T18:21:39.959415,write,2.29,0,0,employee
USR0093,2025-09-23T22:09:56.965602,read,0.49,1,0,employee
USR0038,2025-09-23T22:55:23.961305,download,1.17,1,0,employee
USR0017,2025-09-23T23:16:26.959954,modify,4.13,1,0,employee
USR0064,2025-09-24T01:17:24.963142,escalate,0.27,1,0,employee
USR0095,2025-09-24T12:27:33.965749,read,0.15,0,0,employee
USR0024,2025-09-24T12:40:14.960355,download,4.74,0,0,vendor
USR0057,2025-09-24T14:04:15.962645,write,2.9,0,0,employee
USR0003,2025-09-24T14:53:58.958980,read,0.19,0,0,employee
USR0049,2025-09-24T15:15:12.962007,read,0.46,0,0,employee
USR0018,2025-09-24T19:10:41.960011,read,0.5,0,0,external_attacker
USR0090,2025-09-24T22:45:31.965340,read,0.21,1,0,employee
USR0047,2025-09-25T00:27:58.961864,download,0.81,1,0,employee
USR0042,2025-09-25T00:29:45.961553,read,0.03,1,0,external_attacker
USR0005,2025-09-25T01:06:43.959174,modify,2.4,1,0,employee
USR0098,2025-09-25T01:43:59.965985,read,0.3,1,1,employee
USR0049,2025-09-25T02:00:04.962007,download,1.75,1,0,employee
USR0034,2025-09-25T02:35:59.960970,read,0.41,1,0,employee
USR0066,2025-09-25T03:40:55.963260,read,0.04,1,0,employee
USR0068,2025-09-25T04:02:17.963391,read,0.49,1,0,employee
USR0004,2025-09-25T04:28:56.959076,read,0.31,1,0,employee
USR0100,2025-09-25T06:27:25.966133,read,0.23,1,0,employee
USR0088,2025-09-25T08:01:30.965168,modify,1.01,0,1,contractor
USR0005,2025-09-25T08:57:18.959174,read,0.33,0,0,employee
USR0011,2025-09-25T09:09:41.959566,read,0.31,0,0,employee
USR0061,2025-09-25T09:23:08.962958,write,3.92,0,0,employee
USR0078,2025-09-25T09:51:28.964247,download,2.97,0,0,contractor
USR0036,2025-09-25T16:49:15.961125,read,0.41,0,0,employee
USR0073,2025-09-25T17:45:22.963861,read,0.02,0,0,employee
USR0048,2025-09-25T20:07:58.961963,download,0.4,1,0,employee
USR0006,2025-09-25T20:17:18.959256,write,4.67,1,0,employee
USR0063,2025-09-25T21:13:16.963090,read,0.32,1,0,employee
USR0042,2025-09-25T22:40:55.961553,modify,2.39,1,0,employee
USR0085,2025-09-25T23:27:54.964715,read,0.11,1,0,employee
USR0046,2025-09-26T02:02:18.961802,download,4.05,1,0,employee
USR0005,2025-09-26T04:58:49.959174,read,0.28,1,0,employee
USR0026,2025-09-26T05:21:15.960437,read,0.13,1,0,employee
USR0011,2025-09-26T06:37:47.959566,download,0.25,1,1,employee
USR0081,2025-09-26T07:55:38.964493,read,0.47,0,0,employee
USR0025,2025-09-26T07:59:27.960395,read,0.35,0,0,employee
USR0049,2025-09-26T08:04:28.962007,write,1.17,0,0,employee
USR0025,2025-09-26T09:09:01.960395,download,0.31,0,0,employee
USR0096,2025-09-26T09:14:01.965799,read,0.05,0,0,employee
USR0058,2025-09-26T09:22:58.962718,download,0.27,0,0,employee
USR0012,2025-09-26T14:23:37.959643,download,2.51,0,0,employee
USR0018,2025-09-26T15:03:32.960011,delete,0.32,0,0,contractor
USR0025,2025-09-26T18:34:32.960395,download,1.71,0,0,employee
USR0056,2025-09-26T18:53:49.962554,write,4.57,0,0,employee
USR0007,2025-09-26T19:17:57.959329,read,0.1,0,0,employee
USR0070,2025-09-26T19:30:11.963594,escalate,0.17,0,0,employee
USR0087,2025-09-26T19:49:58.964918,read,0.48,0,0,employee
USR0076,2025-09-26T22:43:16.964096,download,3.29,1,0,employee
USR0082,2025-09-26T23:49:23.964575,modify,3.21,1,0,employee
USR0017,2025-09-27T00:13:18.959954,read,0.04,1,0,employee
USR0005,2025-09-27T00:42:17.959174,download,2.97,1,0,employee
USR0070,2025-09-27T00:52:20.963594,write,3.08,1,0,employee
USR0028,2025-09-27T02:53:28.960565,modify,4.04,1,0,employee
USR0028,2025-09-27T03:30:35.960565,read,0.23,1,0,employee
USR0079,2025-09-27T04:09:38.964350,read,0.17,1,0,contractor
USR0092,2025-09-27T04:27:31.965539,download,3.33,1,0,employee
USR0029,2025-09-27T04:45:46.960610,download,4.4,1,0,employee
USR0070,2025-09-27T05:57:50.963594,read,0.16,1,0,employee
USR0091,2025-09-27T06:08:03.965434,read,0.17,1,0,employee
USR0009,2025-09-27T06:20:37.959415,read,0.26,1,0,employee
USR0094,2025-09-27T06:59:48.965701,delete,0.04,1,0,employee
USR0034,2025-09-27T07:07:13.960970,write,4.82,0,1,employee
USR0087,2025-09-27T09:05:11.964918,read,0.37,0,0,employee
USR0060,2025-09-27T10:51:39.962860,modify,4.35,0,0,employee
USR0050,2025-09-27T14:04:19.962096,read,0.4,0,0,employee
USR0018,2025-09-27T18:32:06.960011,modify,4.41,0,0,contractor
USR0058,2025-09-27T19:01:06.962718,write,1.78,0,0,employee
USR0011,2025-09-27T21:21:10.959566,read,0.35,1,0,employee
USR0064,2025-09-27T23:37:42.963142,write,0.67,1,0,employee
USR0086,2025-09-28T02:06:55.964821,read,0.19,1,0,employee
USR0002,2025-09-28T03:47:06.958922,read,0.18,1,0,employee
USR0061,2025-09-28T03:58:38.962958,read,0.34,1,0,employee
USR0015,2025-09-28T04:34:44.959792,read,0.21,1,1,employee
USR0040,2025-09-28T05:30:58.961418,read,0.09,1,0,employee
USR0042,2025-09-28T06:10:59.961553,read,0.1,1,0,employee
USR0009,2025-09-28T06:41:05.959415,write,4.12,1,0,employee
USR0086,2025-09-28T08:37:49.964821,escalate,0.14,0,0,external_attacker
USR0036,2025-09-28T08:38:18.961125,write,1.46,0,0,employee
USR0011,2025-09-28T08:44:42.959566,download,0.4,0,0,employee
USR0059,2025-09-28T09:04:58.962791,download,0.07,0,0,employee
USR0081,2025-09-28T11:22:18.964493,read,0.49,0,0,employee
USR0076,2025-09-28T11:31:41.964096,download,2.09,0,0,employee
USR0091,2025-09-28T13:31:01.965434,download,1.0,0,0,employee
USR0085,2025-09-28T14:21:22.964715,read,0.35,0,0,employee
USR0094,2025-09-28T15:18:46.965701,read,0.16,0,0,employee
USR0045,2025-09-28T15:28:27.961733,read,0.18,0,0,employee
USR0016,2025-09-28T15:40:20.959878,write,2.45,0,0,employee
USR0067,2025-09-28T16:04:51.963305,download,2.37,0,0,employee
USR0004,2025-09-28T17:29:34.959076,read,0.03,0,0,employee
USR0070,2025-09-28T17:57:59.963594,write,1.01,0,0,employee
USR0059,2025-09-28T19:40:45.962791,read,0.39,0,0,employee
USR0026,2025-09-28T20:12:19.960437,read,0.47,1,0,employee
USR0079,2025-09-28T21:46:34.964350,modify,0.92,1,0,contractor
USR0057,2025-09-28T23:02:01.962645,escalate,0.47,1,0,employee
USR0053,2025-09-28T23:23:13.962305,download,3.04,1,0,employee
USR0069,2025-09-28T23:57:01.963487,download,3.97,1,0,employee
USR0067,2025-09-29T00:14:01.963305,escalate,0.15,1,0,employee
USR0093,2025-09-29T00:27:36.965602,read,0.35,1,0,employee
USR0083,2025-09-29T04:32:56.964624,read,0.48,1,0,contractor
USR0090,2025-09-29T04:46:54.965340,read,0.43,1,0,employee
USR0032,2025-09-29T07:47:44.960836,read,0.05,0,0,employee
USR0010,2025-09-29T07:50:32.959478,download,0.73,0,0,employee
USR0072,2025-09-29T08:00:36.963792,download,2.48,0,0,employee
USR0069,2025-09-29T10:12:41.963487,read,0.37,0,0,employee
USR0055,2025-09-29T10:44:59.962471,read,0.02,0,0,employee
USR0017,2025-09-29T14:37:53.959954,escalate,0.43,0,0,employee
USR0016,2025-09-29T14:53:42.959878,write,0.43,0,0,employee
USR0073,2025-09-29T15:25:10.963861,read,0.44,0,0,employee
USR0001,2025-09-29T15:32:14.958788,download,1.43,0,0,contractor
USR0058,2025-09-29T16:26:46.962718,download,1.19,0,0,employee
USR0010,2025-09-29T16:47:31.959478,read,0.27,0,0,employee
USR0015,2025-09-29T17:08:20.959792,read,0.4,0,0,employee
USR0067,2025-09-29T17:08:36.963305,read,0.25,0,0,employee
USR0041,2025-09-29T22:31:31.961509,read,0.33,1,0,employee
USR0040,2025-09-29T23:54:28.961418,read,0.29,1,0,employee
USR0071,2025-09-30T01:40:52.963684,modify,3.43,1,0,employee
USR0093,2025-09-30T01:43:22.965602,download,3.55,1,0,employee
USR0003,2025-09-30T03:40:12.958980,read,0.32,1,0,employee
USR0003,2025-09-30T04:03:44.958980,modify,3.19,1,0,employee
USR0007,2025-09-30T04:26:18.959329,read,0.13,1,0,employee
USR0087,2025-09-30T04:57:01.964918,read,0.1,1,0,employee
USR0036,2025-09-30T05:50:44.961125,read,0.46,1,0,employee
USR0096,2025-09-30T06:21:32.965799,read,0.43,1,0,employee
USR0096,2025-09-30T09:28:31.965799,read,0.26,0,0,employee
USR0073,2025-09-30T12:48:25.963861,read,0.34,0,0,employee
USR0099,2025-09-30T13:09:01.966059,read,0.37,0,0,employee
USR0040,2025-09-30T13:09:35.961418,read,0.23,0,0,employee
USR0038,2025-09-30T13:23:49.961305,write,3.85,0,0,employee
USR0019,2025-09-30T14:05:39.960084,write,4.17,0,0,contractor
USR0087,2025-09-30T16:12:56.964918,modify,1.96,0,0,employee
USR0049,2025-09-30T17:33:29.962007,write,2.79,0,0,employee
USR0029,2025-09-30T18:07:18.960610,read,0.39,0,0,employee
USR0029,2025-09-30T18:50:12.960610,download,4.19,0,0,employee
USR0035,2025-09-30T18:54:37.961046,read,0.27,0,0,employee
USR0054,2025-09-30T19:52:14.962407,read,0.17,0,0,employee
USR0006,2025-09-30T21:26:01.959256,read,0.17,1,0,employee
USR0078,2025-09-30T22:11:23.964247,read,0.22,1,0,contractor
USR0016,2025-10-01T00:18:14.959878,read,0.07,1,0,employee
USR0026,2025-10-01T05:53:52.960437,read,0.43,1,0,employee
USR0075,2025-10-01T06:16:04.964007,download,4.07,1,0,employee
USR0031,2025-10-01T07:41:37.960785,read,0.42,0,0,employee
USR0010,2025-10-01T08:43:37.959478,read,0.27,0,0,employee
USR0097,2025-10-01T11:54:14.965894,read,0.2,0,0,employee
USR0016,2025-10-01T14:24:41.959878,read,0.37,0,0,employee
USR0066,2025-10-01T14:46:57.963260,write,1.09,0,0,employee
USR0051,2025-10-01T15:48:52.962144,modify,4.75,0,0,employee
USR0001,2025-10-01T15:58:11.958788,download,0.7,0,0,contractor
USR0029,2025-10-01T16:27:58.960610,write,3.39,0,0,employee
USR0043,2025-10-01T17:17:14.961614,modify,0.17,0,0,contractor
USR0084,2025-10-01T18:45:50.964673,read,0.3,0,0,vendor
USR0014,2025-10-01T21:00:17.959750,download,3.17,1,0,contractor
USR0084,2025-10-01T21:02:52.964673,read,0.29,1,0,employee
USR0028,2025-10-01T21:11:36.960565,read,0.29,1,0,employee
USR0032,2025-10-02T03:51:41.960836,delete,0.13,1,0,employee
USR0040,2025-10-02T04:02:26.961418,read,0.14,1,0,employee
USR0001,2025-10-02T07:36:10.958788,download,2.75,0,0,contractor
USR0057,2025-10-02T08:42:25.962645,read,0.0,0,0,employee
USR0054,2025-10-02T09:16:52.962407,read,0.29,0,0,employee
USR0018,2025-10-02T10:57:22.960011,read,0.37,0,0,contractor
USR0083,2025-10-02T11:13:48.964624,read,0.05,0,0,contractor
USR0002,2025-10-02T15:47:49.958922,read,0.47,0,0,vendor
USR0047,2025-10-02T17:54:40.961864,download,0.12,0,0,employee
USR0058,2025-10-02T18:13:39.962718,read,0.14,0,0,employee
USR0087,2025-10-02T19:29:03.964918,read,0.34,0,0,employee
USR0076,2025-10-02T20:48:49.964096,read,0.22,1,0,employee
USR0044,2025-10-02T21:22:40.961677,download,1.69,1,0,contractor
USR0075,2025-10-02T21:27:27.964007,download,1.58,1,0,employee
USR0081,2025-10-03T01:00:04.964493,write,4.79,1,0,employee
USR0015,2025-10-03T03:37:55.959792,read,0.31,1,0,employee
USR0031,2025-10-03T03:59:06.960785,read,0.19,1,0,employee
USR0013,2025-10-03T04:56:54.959702,write,4.96,1,0,employee
USR0090,2025-10-03T06:02:03.965340,read,0.21,1,0,employee
USR0089,2025-10-03T08:19:59.965283,read,0.38,0,0,employee
USR0091,2025-10-03T10:15:34.965434,modify,3.33,0,0,employee
USR0086,2025-10-03T14:44:45.964821,write,3.22,0,0,employee
USR0027,2025-10-03T14:56:39.960524,read,0.22,0,0,employee
USR0047,2025-10-03T15:42:42.961864,download,0.78,0,0,employee
USR0026,2025-10-03T17:26:59.960437,modify,1.96,0,0,vendor
USR0100,2025-10-03T18:15:50.966133,write,4.09,0,0,employee
USR0004,2025-10-03T18:40:48.959076,read,0.4,0,0,employee
USR0060,2025-10-03T19:56:29.962860,write,4.96,0,0,employee
USR0085,2025-10-03T20:27:11.964715,read,0.27,1,0,employee
USR0007,2025-10-03T22:13:06.959329,download,4.77,1,0,employee
USR0094,2025-10-03T22:26:39.965701,read,0.06,1,0,employee
USR0034,2025-10-04T02:53:24.960970,read,0.38,1,0,employee
USR0071,2025-10-04T05:09:56.963684,write,2.51,1,0,employee
USR0056,2025-10-04T05:27:23.962554,read,0.05,1,0,employee
USR0012,2025-10-04T06:35:42.959643,download,2.0,1,0,employee
USR0038,2025-10-04T08:05:47.961305,download,4.25,0,0,employee
USR0046,2025-10-04T09:07:11.961802,read,0.42,0,0,employee
USR0019,2025-10-04T09:32:12.960084,read,0.39,0,0,contractor
USR0075,2025-10-04T12:53:39.964007,read,0.01,0,0,employee
USR0096,2025-10-04T13:16:05.965799,download,1.14,0,1,employee
USR0039,2025-10-04T15:01:27.961356,write,0.29,0,0,employee
USR0053,2025-10-04T15:08:41.962305,download,1.65,0,0,employee
USR0033,2025-10-04T15:46:26.960911,read,0.08,0,0,employee
USR0064,2025-10-04T16:13:16.963142,read,0.45,0,0,employee
USR0026,2025-10-04T16:33:06.960437,read,0.28,0,0,employee
USR0072,2025-10-04T16:33:09.963792,read,0.04,0,0,employee
USR0086,2025-10-04T17:50:59.964821,modify,3.76,0,0,employee
USR0030,2025-10-04T21:52:44.960710,read,0.24,1,0,employee
USR0060,2025-10-05T01:08:19.962860,read,0.34,1,0,employee
USR0032,2025-10-05T02:46:30.960836,modify,4.18,1,0,employee
USR0008,2025-10-05T03:02:41.959372,download,3.85,1,0,employee
USR0059,2025-10-05T04:34:57.962791,escalate,0.09,1,0,employee
USR0051,2025-10-05T05:32:55.962144,read,0.07,1,0,employee
USR0029,2025-10-05T05:37:05.960610,download,4.34,1,0,employee
USR0030,2025-10-05T08:43:18.960710,download,1.72,0,0,employee
USR0002,2025-10-05T11:00:59.958922,read,0.15,0,0,employee
USR0096,2025-10-05T11:30:51.965799,write,1.82,0,0,employee
USR0071,2025-10-05T11:46:35.963684,read,0.35,0,0,employee
USR0085,2025-10-05T12:21:00.964715,download,2.83,0,0,employee
USR0095,2025-10-05T13:28:28.965749,modify,2.01,0,0,employee
USR0019,2025-10-05T14:02:52.960084,read,0.13,0,0,contractor
USR0091,2025-10-05T14:14:09.965434,read,0.15,0,0,employee
USR0069,2025-10-05T14:22:51.963487,download,3.63,0,0,employee
USR0015,2025-10-05T14:38:53.959792,read,0.34,0,0,employee
USR0074,2025-10-05T16:41:24.963953,download,3.68,0,0,employee
USR0040,2025-10-05T16:56:42.961418,read,0.39,0,0,employee
USR0051,2025-10-05T17:59:51.962144,write,3.03,0,0,employee
USR0051,2025-10-05T18:37:56.962144,read,0.27,0,0,employee
USR0037,2025-10-05T19:26:55.961230,read,0.31,0,0,employee
USR0003,2025-10-05T19:54:20.958980,read,0.06,0,0,employee
USR0001,2025-10-05T22:15:32.958788,download,2.25,1,0,contractor
USR0032,2025-10-05T22:21:14.960836,read,0.02,1,0,employee
USR0057,2025-10-05T23:33:36.962645,write,1.66,1,0,vendor
USR0051,2025-10-06T00:42:41.962144,modify,4.81,1,0,employee
USR0093,2025-10-06T02:29:05.965602,read,0.38,1,0,employee
USR0060,2025-10-06T04:29:45.962860,read,0.1,1,0,vendor
USR0026,2025-10-06T06:39:12.960437,read,0.3,1,0,employee
USR0047,2025-10-06T07:45:47.961864,delete,0.49,0,0,employee
USR0089,2025-10-06T08:36:29.965283,download,1.15,0,0,employee
USR0088,2025-10-06T09:16:31.965168,write,3.38,0,0,contractor
USR0008,2025-10-06T11:54:23.959372,download,2.63,0,0,employee
USR0085,2025-10-06T12:04:44.964715,write,0.9,0,0,employee
USR0094,2025-10-06T14:15:03.965701,download,2.69,0,0,employee
USR0099,2025-10-06T14:36:46.966059,modify,0.84,0,0,employee
USR0071,2025-10-06T20:57:41.963684,read,0.21,1,0,employee
USR0050,2025-10-06T21:08:14.962096,escalate,0.33,1,0,employee
USR0059,2025-10-06T21:28:08.962791,modify,3.85,1,0,employee
USR0010,2025-10-06T21:46:50.959478,read,0.3,1,0,employee
USR0015,2025-10-07T00:00:13.959792,modify,4.35,1,0,employee
USR0016,2025-10-07T01:25:40.959878,write,4.95,1,0,employee
USR0059,2025-10-07T05:23:40.962791,read,0.43,1,0,employee
USR0043,2025-10-07T06:36:30.961614,download,2.78,1,0,contractor
USR0075,2025-10-07T08:04:18.964007,modify,3.38,0,0,employee
USR0069,2025-10-07T08:15:17.963487,write,1.37,0,0,employee
USR0097,2025-10-07T08:51:01.965894,download,2.85,0,0,employee
USR0062,2025-10-07T09:01:58.963028,read,0.22,0,0,employee
USR0097,2025-10-07T09:27:12.965894,download,3.52,0,0,employee
USR0023,2025-10-07T09:48:13.960292,write,2.5,0,0,contractor
USR0028,2025-10-07T10:37:22.960565,write,2.62,0,0,employee
USR0059,2025-10-07T11:02:59.962791,read,0.29,0,0,employee
USR0066,2025-10-07T11:43:34.963260,read,0.26,0,0,employee
USR0085,2025-10-07T12:24:23.964715,read,0.05,0,0,employee
USR0093,2025-10-07T14:44:27.965602,modify,3.3,0,0,external_attacker
USR0004,2025-10-07T16:37:15.959076,read,0.47,0,0,employee
USR0009,2025-10-07T17:03:18.959415,delete,0.17,0,0,employee
USR0029,2025-10-07T18:15:40.960610,modify,3.24,0,0,employee
USR0078,2025-10-07T18:23:45.964247,modify,1.43,0,0,contractor
USR0047,2025-10-07T19:43:40.961864,read,0.34,0,0,vendor
USR0098,2025-10-07T20:24:48.965985,read,0.35,1,0,employee
USR0018,2025-10-07T22:18:48.960011,read,0.15,1,0,contractor
USR0036,2025-10-07T22:33:45.961125,write,4.59,1,0,employee
USR0099,2025-10-07T23:16:04.966059,read,0.11,1,0,employee
USR0056,2025-10-08T02:48:05.962554,write,4.11,1,0,employee
USR0050,2025-10-08T03:24:26.962096,download,0.44,1,0,employee
USR0097,2025-10-08T04:18:06.965894,read,0.15,1,0,employee
USR0040,2025-10-08T05:23:43.961418,escalate,0.35,1,0,vendor
USR0072,2025-10-08T05:46:24.963792,modify,4.07,1,0,employee
USR0075,2025-10-08T06:53:57.964007,read,0.42,1,0,employee
USR0073,2025-10-08T08:20:03.963861,modify,4.84,0,0,employee
USR0089,2025-10-08T10:08:05.965283,read,0.36,0,0,employee
USR0032,2025-10-08T15:05:08.960836,read,0.4,0,0,employee
USR0003,2025-10-08T15:07:14.958980,modify,3.6,0,0,employee
USR0033,2025-10-08T15:26:29.960911,download,1.13,0,0,employee
USR0006,2025-10-08T16:13:40.959256,modify,0.88,0,0,employee
USR0019,2025-10-08T16:46:41.960084,read,0.25,0,0,contractor
USR0070,2025-10-08T17:40:54.963594,read,0.07,0,0,employee
USR0068,2025-10-08T18:07:01.963391,download,3.44,0,0,employee
USR0053,2025-10-08T19:40:14.962305,download,0.33,0,0,employee
USR0035,2025-10-08T21:31:49.961046,download,3.37,1,0,employee
USR0008,2025-10-08T22:07:12.959372,read,0.23,1,0,employee
USR0001,2025-10-08T22:17:58.958788,download,3.48,1,0,contractor
USR0063,2025-10-08T23:01:54.963090,download,0.41,1,0,employee
USR0026,2025-10-08T23:57:54.960437,read,0.37,1,0,employee
USR0029,2025-10-09T00:12:00.960610,read,0.4,1,0,vendor
USR0069,2025-10-09T03:24:21.963487,write,0.49,1,0,employee
USR0058,2025-10-09T03:26:19.962718,read,0.37,1,0,employee
USR0070,2025-10-09T05:33:10.963594,download,2.38,1,0,employee
USR0061,2025-10-09T06:20:20.962958,write,2.07,1,0,employee
USR0051,2025-10-09T06:52:37.962144,read,0.19,1,0,external_attacker
USR0097,2025-10-09T10:02:06.965894,write,1.65,0,0,employee
USR0088,2025-10-09T10:24:45.965168,read,0.04,0,0,contractor
USR0081,2025-10-09T11:18:37.964493,download,1.99,0,0,employee
USR0056,2025-10-09T11:42:24.962554,read,0.31,0,0,vendor
USR0060,2025-10-09T15:05:56.962860,read,0.19,0,0,employee
USR0078,2025-10-09T15:39:28.964247,read,0.11,0,0,contractor
USR0025,2025-10-09T16:16:37.960395,read,0.02,0,0,employee
USR0078,2025-10-09T16:48:43.964247,write,3.79,0,0,contractor
USR0022,2025-10-09T16:56:37.960247,read,0.06,0,0,employee
USR0057,2025-10-09T20:08:52.962645,read,0.4,1,0,employee
USR0068,2025-10-09T20:14:52.963391,read,0.01,1,0,employee
USR0064,2025-10-09T21:35:47.963142,read,0.47,1,0,employee
USR0010,2025-10-09T22:37:40.959478,download,2.94,1,0,employee
USR0025,2025-10-09T23:00:58.960395,download,4.05,1,0,employee
USR0042,2025-10-09T23:24:36.961553,modify,4.02,1,0,employee
USR0006,2025-10-10T02:23:25.959256,read,0.32,1,0,employee
USR0006,2025-10-10T02:35:38.959256,modify,4.99,1,0,employee
USR0055,2025-10-10T03:14:29.962471,read,0.42,1,0,employee
USR0016,2025-10-10T04:55:27.959878,download,1.5,1,0,employee
USR0026,2025-10-10T07:42:28.960437,download,2.24,0,0,employee
USR0060,2025-10-10T08:41:34.962860,write,0.08,0,0,employee
USR0074,2025-10-10T08:55:41.963953,write,4.77,0,0,employee
USR0100,2025-10-10T09:02:19.966133,write,3.17,0,0,employee
USR0077,2025-10-10T09:59:32.964194,escalate,0.47,0,0,employee
USR0100,2025-10-10T10:12:19.966133,write,4.29,0,0,employee
USR0048,2025-10-10T10:37:21.961963,write,4.98,0,0,employee
USR0073,2025-10-10T10:40:03.963861,download,0.67,0,0,employee
USR0054,2025-10-10T10:58:47.962407,read,0.27,0,0,employee
USR0055,2025-10-10T13:53:57.962471,read,0.14,0,0,employee
USR0056,2025-10-10T14:46:30.962554,read,0.25,0,0,employee
USR0030,2025-10-10T16:49:14.960710,write,2.38,0,0,employee
USR0023,2025-10-10T16:58:08.960292,read,0.5,0,0,contractor
USR0053,2025-10-10T17:41:48.962305,write,0.45,0,0,employee
USR0013,2025-10-10T18:10:48.959702,write,2.99,0,0,employee
USR0057,2025-10-10T18:24:18.962645,read,0.02,0,0,employee
USR0092,2025-10-10T18:47:50.965539,read,0.42,0,0,vendor
USR0020,2025-10-10T19:41:08.960157,read,0.41,0,0,employee
USR0068,2025-10-10T20:12:26.963391,read,0.35,1,0,employee
USR0053,2025-10-10T20:24:38.962305,read,0.44,1,0,employee
USR0076,2025-10-10T21:28:44.964096,read,0.44,1,0,employee
USR0073,2025-10-10T22:02:43.963861,read,0.19,1,0,employee
USR0024,2025-10-10T22:07:34.960355,read,0.4,1,0,contractor
USR0072,2025-10-10T22:34:36.963792,read,0.14,1,0,employee
USR0075,2025-10-10T22:44:36.964007,read,0.38,1,0,employee
USR0098,2025-10-11T00:20:26.965985,read,0.39,1,0,employee
USR0046,2025-10-11T01:46:42.961802,read,0.25,1,0,employee
USR0015,2025-10-11T02:28:25.959792,read,0.42,1,0,employee
USR0086,2025-10-11T03:26:14.964821,download,2.86,1,0,employee
USR0092,2025-10-11T05:48:15.965539,modify,0.33,1,0,employee
USR0009,2025-10-11T06:23:31.959415,read,0.15,1,0,employee
USR0003,2025-10-11T08:07:40.958980,read,0.1,0,0,employee
USR0053,2025-10-11T09:47:11.962305,write,2.49,0,0,employee
USR0011,2025-10-11T13:36:05.959566,read,0.5,0,0,employee
USR0100,2025-10-11T14:55:24.966133,modify,4.42,0,0,employee
USR0001,2025-10-11T16:19:49.958788,read,0.07,0,0,contractor
USR0078,2025-10-11T17:11:16.964247,delete,0.06,0,0,contractor
USR0090,2025-10-11T17:28:26.965340,read,0.21,0,0,employee
USR0088,2025-10-11T19:11:17.965168,download,3.04,0,0,contractor
USR0071,2025-10-11T19:20:19.963684,download,3.69,0,0,employee
USR0040,2025-10-11T23:19:47.961418,read,0.2,1,0,employee
USR0036,2025-10-12T01:01:31.961125,modify,2.61,1,0,employee
USR0090,2025-10-12T01:11:57.965340,write,4.72,1,0,employee
USR0049,2025-10-12T03:14:47.962007,read,0.15,1,0,employee
USR0042,2025-10-12T03:52:40.961553,write,0.06,1,0,employee
USR0049,2025-10-12T04:17:05.962007,read,0.28,1,0,employee
USR0088,2025-10-12T04:48:28.965168,read,0.24,1,0,contractor
USR0058,2025-10-12T05:49:08.962718,read,0.33,1,0,employee
USR0091,2025-10-12T07:24:16.965434,write,4.94,0,0,employee
USR0045,2025-10-12T07:41:05.961733,download,2.99,0,0,employee
USR0047,2025-10-12T08:46:03.961864,read,0.02,0,0,employee
USR0077,2025-10-12T09:01:44.964194,write,3.94,0,0,employee
USR0067,2025-10-12T09:37:34.963305,read,0.46,0,0,employee
USR0082,2025-10-12T10:18:34.964575,write,0.14,0,0,vendor
USR0097,2025-10-12T14:44:00.965894,write,3.05,0,0,vendor
USR0063,2025-10-12T17:02:16.963090,read,0.47,0,0,employee
USR0002,2025-10-12T19:43:42.958922,write,4.06,0,0,employee
USR0091,2025-10-12T22:02:27.965434,read,0.38,1,0,employee
USR0026,2025-10-12T22:11:04.960437,read,0.33,1,0,employee
USR0059,2025-10-12T22:55:35.962791,write,4.61,1,0,employee
USR0036,2025-10-13T00:42:41.961125,read,0.33,1,0,employee
USR0002,2025-10-13T00:57:43.958922,download,1.94,1,0,employee
USR0073,2025-10-13T03:05:56.963861,download,4.18,1,0,employee
USR0042,2025-10-13T05:00:47.961553,read,0.05,1,0,employee
USR0046,2025-10-13T05:27:40.961802,download,4.99,1,0,employee
USR0064,2025-10-13T06:04:20.963142,read,0.35,1,0,employee
USR0062,2025-10-13T06:55:45.963028,modify,4.57,1,0,employee
USR0036,2025-10-13T08:33:55.961125,download,0.04,0,0,employee
USR0081,2025-10-13T10:16:23.964493,read,0.41,0,0,employee
USR0013,2025-10-13T11:22:26.959702,read,0.08,0,0,employee
USR0010,2025-10-13T13:26:16.959478,read,0.12,0,0,employee
USR0011,2025-10-13T15:05:43.959566,modify,3.3,0,1,employee
USR0069,2025-10-13T15:30:51.963487,write,4.76,0,0,employee
USR0078,2025-10-13T18:27:46.964247,read,0.49,0,0,vendor
USR0048,2025-10-13T20:16:48.961963,read,0.12,1,0,employee
USR0049,2025-10-13T22:50:43.962007,write,0.07,1,0,employee
USR0047,2025-10-13T23:11:10.961864,read,0.23,1,0,employee
USR0097,2025-10-14T01:57:55.965894,read,0.2,1,0,employee
USR0037,2025-10-14T03:54:53.961230,write,4.04,1,0,employee
USR0062,2025-10-14T04:41:25.963028,read,0.45,1,0,employee
USR0019,2025-10-14T06:27:15.960084,read,0.37,1,0,contractor
USR0045,2025-10-14T06:34:30.961733,read,0.06,1,0,employee
USR0091,2025-10-14T07:29:41.965434,download,4.53,0,0,employee
USR0091,2025-10-14T08:31:11.965434,write,2.01,0,0,employee
USR0059,2025-10-14T09:21:38.962791,download,2.83,0,0,employee
USR0058,2025-10-14T10:08:22.962718,read,0.49,0,0,employee
USR0098,2025-10-14T14:01:06.965985,read,0.07,0,1,employee
USR0055,2025-10-14T15:04:04.962471,write,4.96,0,0,employee
USR0064,2025-10-14T16:47:06.963142,write,3.14,0,0,vendor
USR0091,2025-10-14T17:12:58.965434,read,0.15,0,0,employee
USR0063,2025-10-14T18:39:09.963090,download,1.67,0,0,employee
USR0064,2025-10-14T18:52:25.963142,escalate,0.42,0,0,employee
USR0088,2025-10-15T00:03:16.965168,read,0.31,1,0,contractor
USR0067,2025-10-15T01:43:32.963305,read,0.29,1,0,employee
USR0068,2025-10-15T02:10:28.963391,read,0.02,1,0,employee
USR0075,2025-10-15T02:36:11.964007,read,0.04,1,0,employee
USR0002,2025-10-15T03:02:30.958922,read,0.46,1,0,employee
USR0061,2025-10-15T05:04:18.962958,read,0.0,1,0,employee
USR0089,2025-10-15T14:46:47.965283,read,0.12,0,0,employee
USR0088,2025-10-15T15:06:59.965168,read,0.19,0,0,contractor
USR0077,2025-10-15T15:21:31.964194,read,0.39,0,0,employee
USR0018,2025-10-15T16:01:58.960011,download,3.21,0,0,contractor
USR0035,2025-10-15T16:18:50.961046,download,2.12,0,1,employee
USR0072,2025-10-15T18:09:00.963792,download,0.26,0,0,employee
USR0005,2025-10-15T19:46:02.959174,download,3.12,0,0,employee
USR0098,2025-10-15T21:00:58.965985,download,1.91,1,0,employee
USR0005,2025-10-15T21:02:34.959174,download,3.53,1,0,employee
USR0052,2025-10-15T21:21:24.962246,read,0.21,1,0,employee
USR0037,2025-10-15T23:04:13.961230,download,1.48,1,0,employee
USR0030,2025-10-15T23:32:12.960710,write,3.11,1,0,employee
USR0049,2025-10-16T00:04:54.962007,download,2.89,1,0,employee
USR0010,2025-10-16T00:53:10.959478,read,0.5,1,0,employee
USR0001,2025-10-16T01:28:42.958788,read,0.26,1,0,contractor
USR0056,2025-10-16T01:54:41.962554,download,4.44,1,0,employee
USR0088,2025-10-16T02:01:03.965168,read,0.11,1,0,contractor
USR0040,2025-10-16T04:14:01.961418,escalate,0.16,1,0,employee
USR0072,2025-10-16T04:30:25.963792,read,0.19,1,0,employee
USR0004,2025-10-16T04:54:47.959076,download,4.31,1,0,employee
USR0065,2025-10-16T09:29:56.963204,modify,2.87,0,0,employee
USR0059,2025-10-16T11:14:27.962791,read,0.48,0,0,employee
USR0060,2025-10-16T12:23:26.962860,download,0.5,0,0,employee
USR0001,2025-10-16T12:38:25.958788,read,0.0,0,0,contractor
USR0006,2025-10-16T12:49:06.959256,write,4.65,0,0,employee
USR0032,2025-10-16T12:59:39.960836,read,0.27,0,0,employee
USR0093,2025-10-16T13:04:01.965602,modify,1.67,0,0,employee
USR0002,2025-10-16T13:34:50.958922,read,0.39,0,0,employee
USR0059,2025-10-16T17:25:28.962791,download,4.75,0,0,employee
USR0036,2025-10-17T00:24:18.961125,write,0.37,1,0,employee
USR0091,2025-10-17T01:40:25.965434,escalate,0.36,1,0,employee
USR0050,2025-10-17T01:51:42.962096,delete,0.38,1,0,employee
USR0043,2025-10-17T06:54:37.961614,read,0.18,1,0,contractor
USR0019,2025-10-17T06:58:59.960084,read,0.45,1,0,contractor
USR0062,2025-10-17T06:59:46.963028,read,0.38,1,0,employee
USR0088,2025-10-17T08:14:37.965168,write,0.23,0,0,contractor
USR0004,2025-10-17T09:59:47.959076,delete,0.38,0,0,employee
USR0098,2025-10-17T10:10:13.965985,modify,1.12,0,0,employee
USR0045,2025-10-17T11:39:13.961733,read,0.03,0,0,employee
USR0024,2025-10-17T12:43:40.960355,read,0.47,0,0,contractor
USR0024,2025-10-17T13:50:52.960355,read,0.3,0,0,contractor
USR0071,2025-10-17T14:35:20.963684,read,0.2,0,0,employee
USR0082,2025-10-17T14:37:59.964575,read,0.04,0,0,employee
USR0055,2025-10-17T14:50:44.962471,read,0.38,0,0,vendor
USR0079,2025-10-17T18:13:16.964350,read,0.48,0,0,contractor
USR0018,2025-10-17T18:26:51.960011,download,1.25,0,0,contractor
USR0013,2025-10-17T18:26:56.959702,read,0.21,0,0,employee
USR0012,2025-10-17T19:34:53.959643,read,0.42,0,0,employee
USR0017,2025-10-17T20:41:01.959954,read,0.49,1,0,employee
USR0092,2025-10-17T20:42:47.965539,delete,0.46,1,0,employee
USR0058,2025-10-17T21:05:06.962718,write,4.21,1,0,employee
USR0085,2025-10-17T21:38:58.964715,read,0.31,1,0,employee
USR0026,2025-10-18T01:40:33.960437,read,0.04,1,0,employee
USR0096,2025-10-18T03:31:19.965799,read,0.36,1,0,employee
USR0018,2025-10-18T04:43:58.960011,write,2.23,1,1,contractor
USR0015,2025-10-18T06:32:03.959792,read,0.36,1,0,employee
USR0051,2025-10-18T06:47:40.962144,modify,4.89,1,0,employee
USR0065,2025-10-18T06:58:45.963204,read,0.09,1,0,employee
USR0065,2025-10-18T07:10:01.963204,modify,3.56,0,0,vendor
USR0086,2025-10-18T10:08:26.964821,read,0.16,0,0,employee
USR0061,2025-10-18T11:08:15.962958,download,3.61,0,0,employee
USR0079,2025-10-18T11:29:25.964350,modify,1.71,0,0,contractor
USR0039,2025-10-18T12:05:19.961356,read,0.33,0,0,employee
USR0026,2025-10-18T12:58:44.960437,escalate,0.06,0,0,employee
USR0072,2025-10-18T14:50:33.963792,download,3.64,0,0,employee
USR0048,2025-10-18T18:35:16.961963,write,3.0,0,0,employee
USR0040,2025-10-18T19:26:30.961418,read,0.43,0,0,employee
USR0084,2025-10-18T20:43:12.964673,read,0.25,1,0,employee
USR0090,2025-10-18T20:52:46.965340,download,4.96,1,0,employee
USR0053,2025-10-18T23:47:58.962305,download,3.54,1,0,employee
USR0093,2025-10-18T23:59:02.965602,write,1.69,1,0,external_attacker
USR0054,2025-10-19T00:22:25.962407,download,0.34,1,0,employee
USR0037,2025-10-19T00:27:42.961230,read,0.18,1,0,employee
USR0092,2025-10-19T00:34:45.965539,read,0.19,1,0,employee
USR0083,2025-10-19T01:30:41.964624,write,1.19,1,0,contractor
USR0037,2025-10-19T02:07:33.961230,read,0.22,1,0,employee
USR0093,2025-10-19T02:12:15.965602,download,0.9,1,0,employee
USR0091,2025-10-19T02:14:27.965434,write,4.35,1,0,employee
USR0087,2025-10-19T05:59:48.964918,write,0.14,1,0,employee
USR0098,2025-10-19T07:34:05.965985,download,0.94,0,0,employee
USR0033,2025-10-19T07:45:07.960911,read,0.41,0,0,employee
USR0028,2025-10-19T09:02:12.960565,read,0.19,0,0,employee
USR0016,2025-10-19T09:24:59.959878,read,0.41,0,0,external_attacker
USR0034,2025-10-19T10:55:34.960970,read,0.45,0,0,employee
USR0056,2025-10-19T13:27:51.962554,read,0.41,0,0,employee
USR0030,2025-10-19T13:29:42.960710,read,0.39,0,0,employee
USR0068,2025-10-19T13:59:59.963391,read,0.45,0,0,employee
USR0014,2025-10-19T17:29:10.959750,modify,1.01,0,0,contractor
USR0021,2025-10-19T18:05:44.960202,download,1.22,0,0,vendor
USR0041,2025-10-19T18:10:07.961509,read,0.13,0,0,employee
USR0035,2025-10-19T19:09:53.961046,read,0.19,0,0,employee
USR0030,2025-10-19T20:38:23.960710,download,0.91,1,0,employee
USR0017,2025-10-19T20:39:52.959954,read,0.16,1,0,employee
USR0044,2025-10-19T21:11:44.961677,write,2.0,1,0,contractor
USR0020,2025-10-20T00:32:59.960157,read,0.43,1,0,employee
USR0070,2025-10-20T03:23:22.963594,read,0.3,1,0,employee
USR0001,2025-10-20T05:03:38.958788,read,0.14,1,0,contractor
USR0075,2025-10-20T09:36:21.964007,read,0.28,0,0,employee
USR0056,2025-10-20T13:55:56.962554,read,0.38,0,0,employee
USR0017,2025-10-20T15:30:51.959954,read,0.38,0,0,employee
USR0016,2025-10-20T15:59:59.959878,read,0.41,0,0,employee
USR0091,2025-10-20T17:08:27.965434,read,0.21,0,0,vendor
USR0026,2025-10-20T17:40:05.960437,read,0.05,0,0,employee
USR0093,2025-10-20T21:36:53.965602,read,0.33,1,0,employee
USR0068,2025-10-20T23:41:25.963391,read,0.34,1,0,employee
USR0034,2025-10-20T23:50:27.960970,write,1.88,1,0,employee
USR0068,2025-10-21T03:53:55.963391,download,0.03,1,0,employee
USR0085,2025-10-21T04:41:19.964715,write,0.72,1,0,employee
USR0040,2025-10-21T07:38:48.961418,write,0.6,0,1,employee
USR0096,2025-10-21T07:46:29.965799,modify,1.9,0,0,employee
USR0096,2025-10-21T10:14:38.965799,modify,2.66,0,0,employee
USR0048,2025-10-21T11:18:46.961963,escalate,0.35,0,0,employee
USR0037,2025-10-21T11:32:10.961230,read,0.45,0,0,employee
USR0003,2025-10-21T12:02:46.958980,escalate,0.48,0,0,employee
USR0041,2025-10-21T14:10:35.961509,read,0.48,0,0,employee
USR0049,2025-10-21T20:55:58.962007,modify,2.98,1,0,external_attacker
USR0038,2025-10-21T21:36:20.961305,modify,3.42,1,0,employee
USR0078,2025-10-21T22:54:36.964247,read,0.05,1,0,contractor
USR0080,2025-10-22T00:37:46.964440,download,2.69,1,0,employee
USR0046,2025-10-22T02:13:36.961802,download,4.09,1,0,employee
USR0004,2025-10-22T03:41:14.959076,read,0.02,1,0,employee
USR0076,2025-10-22T04:36:45.964096,download,4.8,1,0,employee
USR0042,2025-10-22T05:20:39.961553,read,0.34,1,0,employee
USR0040,2025-10-22T06:44:22.961418,write,2.62,1,0,employee
USR0081,2025-10-22T07:03:11.964493,escalate,0.28,0,0,employee
USR0072,2025-10-22T07:20:25.963792,read,0.01,0,0,employee
USR0074,2025-10-22T07:31:18.963953,read,0.1,0,0,employee
USR0090,2025-10-22T08:44:14.965340,read,0.15,0,0,employee
USR0001,2025-10-22T09:01:35.958788,write,3.96,0,0,contractor
USR0004,2025-10-22T09:07:59.959076,modify,1.08,0,0,employee
USR0097,2025-10-22T09:08:55.965894,read,0.44,0,0,employee
USR0076,2025-10-22T14:50:12.964096,download,3.98,0,0,employee
USR0043,2025-10-22T17:24:16.961614,download,4.41,0,0,contractor
USR0085,2025-10-22T17:57:03.964715,modify,1.81,0,0,employee
USR0067,2025-10-22T18:44:06.963305,read,0.0,0,0,employee
USR0033,2025-10-22T19:11:37.960911,download,2.21,0,0,employee
USR0023,2025-10-22T19:41:53.960292,download,0.88,0,0,contractor
USR0032,2025-10-22T20:09:11.960836,read,0.26,1,0,employee
USR0043,2025-10-22T20:39:12.961614,download,0.65,1,0,contractor
USR0074,2025-10-22T22:09:01.963953,write,1.35,1,0,employee
USR0083,2025-10-23T06:22:36.964624,escalate,0.39,1,0,contractor
USR0081,2025-10-23T06:47:18.964493,write,0.09,1,0,employee
USR0066,2025-10-23T07:14:14.963260,read,0.22,0,0,employee
USR0014,2025-10-23T08:57:12.959750,read,0.09,0,0,contractor
USR0038,2025-10-23T09:22:19.961305,read,0.2,0,0,employee
USR0081,2025-10-23T10:52:35.964493,read,0.28,0,0,employee
USR0027,2025-10-23T13:58:36.960524,download,2.1,0,0,employee
USR0069,2025-10-23T14:35:00.963487,read,0.05,0,0,employee
USR0060,2025-10-23T14:37:45.962860,read,0.02,0,0,employee
USR0012,2025-10-23T17:36:48.959643,download,2.82,0,0,employee
USR0022,2025-10-23T18:01:11.960247,modify,1.97,0,0,employee
USR0065,2025-10-23T18:02:31.963204,modify,2.22,0,0,employee
USR0016,2025-10-23T18:03:05.959878,read,0.04,0,0,employee
USR0068,2025-10-23T19:20:15.963391,read,0.49,0,0,vendor
USR0072,2025-10-23T21:24:47.963792,read,0.26,1,0,employee
USR0019,2025-10-23T21:40:06.960084,download,4.77,1,0,contractor
USR0093,2025-10-23T21:46:53.965602,write,0.74,1,0,employee
USR0076,2025-10-23T22:58:19.964096,read,0.13,1,0,employee
USR0019,2025-10-23T23:35:02.960084,download,2.85,1,0,contractor
USR0076,2025-10-24T01:16:17.964096,read,0.05,1,0,employee
USR0044,2025-10-24T03:04:27.961677,read,0.32,1,0,contractor
USR0033,2025-10-24T06:03:38.960911,write,3.44,1,0,employee
USR0089,2025-10-24T08:07:02.965283,read,0.4,0,0,employee
USR0051,2025-10-24T09:20:57.962144,download,3.19,0,0,employee
USR0052,2025-10-24T09:27:27.962246,read,0.21,0,0,vendor
USR0093,2025-10-24T09:59:58.965602,modify,3.14,0,0,employee
USR0018,2025-10-24T10:08:26.960011,download,3.78,0,0,contractor
USR0100,2025-10-24T10:15:47.966133,modify,2.92,0,0,employee
USR0071,2025-10-24T10:22:12.963684,write,3.88,0,0,employee
USR0045,2025-10-24T14:18:36.961733,read,0.01,0,0,employee
USR0009,2025-10-24T14:56:56.959415,modify,0.17,0,0,employee
USR0082,2025-10-24T17:15:45.964575,modify,2.17,0,0,employee
USR0023,2025-10-24T19:48:45.960292,write,2.76,0,0,contractor
USR0034,2025-10-24T19:50:59.960970,download,0.53,0,0,employee
USR0092,2025-10-24T20:20:49.965539,download,1.67,1,0,employee
USR0030,2025-10-24T21:32:30.960710,modify,1.57,1,0,employee
USR0055,2025-10-24T22:42:59.962471,download,0.52,1,0,employee
USR0012,2025-10-24T23:02:40.959643,read,0.42,1,0,employee
USR0085,2025-10-25T00:46:24.964715,download,1.24,1,0,employee
USR0038,2025-10-25T00:48:00.961305,read,0.01,1,0,vendor
USR0071,2025-10-25T02:49:41.963684,read,0.24,1,0,employee
USR0076,2025-10-25T03:19:23.964096,escalate,0.41,1,0,employee
USR0056,2025-10-25T06:21:07.962554,read,0.15,1,0,employee
USR0030,2025-10-25T07:16:23.960710,download,2.03,0,0,employee
USR0014,2025-10-25T08:55:11.959750,download,0.14,0,0,contractor
USR0045,2025-10-25T10:20:13.961733,modify,0.53,0,0,employee
USR0086,2025-10-25T11:10:48.964821,download,3.49,0,0,employee
USR0047,2025-10-25T12:19:13.961864,delete,0.46,0,0,employee
USR0011,2025-10-25T13:18:57.959566,write,0.35,0,0,employee
USR0051,2025-10-25T13:46:33.962144,read,0.42,0,0,employee
USR0055,2025-10-25T14:30:05.962471,read,0.24,0,0,employee
USR0057,2025-10-25T17:01:55.962645,read,0.07,0,0,employee
USR0087,2025-10-25T19:58:47.964918,read,0.44,0,0,employee
USR0071,2025-10-25T20:30:32.963684,modify,1.51,1,0,employee
USR0040,2025-10-25T20:48:47.961418,write,2.1,1,0,employee
USR0067,2025-10-25T21:20:02.963305,read,0.14,1,0,employee
USR0004,2025-10-25T22:55:55.959076,download,2.5,1,0,employee
USR0091,2025-10-26T01:44:34.965434,read,0.3,1,0,employee
USR0092,2025-10-26T02:46:11.965539,write,1.22,1,0,employee
USR0062,2025-10-26T02:50:03.963028,read,0.2,1,0,employee
USR0077,2025-10-26T05:07:30.964194,read,0.44,1,0,employee
USR0064,2025-10-26T05:44:07.963142,write,1.46,1,0,employee
USR0010,2025-10-26T08:15:16.959478,read,0.45,0,0,employee
USR0078,2025-10-26T11:21:46.964247,download,4.93,0,0,contractor
USR0019,2025-10-26T16:40:38.960084,download,2.54,0,0,contractor
USR0092,2025-10-26T17:37:31.965539,modify,1.64,0,0,employee
USR0001,2025-10-26T17:59:43.958788,modify,4.92,0,0,contractor
USR0091,2025-10-26T18:00:47.965434,read,0.29,0,0,employee
USR0021,2025-10-26T19:23:23.960202,read,0.1,0,0,employee
USR0055,2025-10-26T19:31:26.962471,read,0.19,0,0,employee
USR0029,2025-10-26T21:29:32.960610,read,0.25,1,0,employee
USR0004,2025-10-26T21:38:51.959076,write,4.21,1,0,employee
USR0029,2025-10-26T23:58:19.960610,read,0.05,1,0,vendor
USR0084,2025-10-27T02:15:24.964673,read,0.29,1,0,employee
USR0029,2025-10-27T02:43:02.960610,read,0.12,1,0,employee
USR0082,2025-10-27T04:44:17.964575,download,1.13,1,0,employee
USR0035,2025-10-27T05:38:27.961046,write,1.58,1,0,employee
USR0039,2025-10-27T06:01:02.961356,download,2.41,1,0,employee
USR0098,2025-10-27T06:31:01.965985,read,0.03,1,0,employee
USR0046,2025-10-27T07:26:19.961802,modify,4.04,0,0,employee
USR0053,2025-10-27T08:20:20.962305,write,1.66,0,0,employee
USR0100,2025-10-27T10:47:42.966133,read,0.24,0,0,employee
USR0054,2025-10-27T10:56:16.962407,download,1.04,0,0,employee
USR0010,2025-10-27T11:09:15.959478,write,2.89,0,0,employee
USR0089,2025-10-27T11:38:40.965283,read,0.1,0,0,employee
USR0071,2025-10-27T15:43:40.963684,read,0.22,0,0,employee
USR0078,2025-10-27T15:52:33.964247,read,0.36,0,0,contractor
USR0091,2025-10-27T17:53:54.965434,read,0.03,0,0,employee
USR0047,2025-10-27T19:55:21.961864,read,0.31,0,0,employee
USR0045,2025-10-27T20:19:26.961733,read,0.13,1,0,employee
USR0097,2025-10-27T21:13:47.965894,modify,3.22,1,0,employee
USR0010,2025-10-27T23:28:07.959478,read,0.44,1,0,employee
USR0029,2025-10-28T00:42:37.960610,download,1.88,1,0,employee
USR0026,2025-10-28T00:46:15.960437,read,0.19,1,0,employee
USR0048,2025-10-28T02:42:21.961963,delete,0.29,1,0,employee
USR0038,2025-10-28T04:43:29.961305,read,0.37,1,0,employee
USR0030,2025-10-28T07:14:01.960710,read,0.08,0,0,employee
USR0069,2025-10-28T07:21:33.963487,read,0.02,0,0,employee
USR0080,2025-10-28T08:43:07.964440,read,0.44,0,0,vendor
USR0044,2025-10-28T09:19:23.961677,read,0.37,0,0,contractor
USR0018,2025-10-28T11:23:00.960011,read,0.04,0,0,contractor
USR0012,2025-10-28T12:52:00.959643,read,0.5,0,0,employee
USR0086,2025-10-28T13:05:04.964821,read,0.11,0,0,employee
USR0022,2025-10-28T14:42:00.960247,read,0.23,0,0,employee
USR0056,2025-10-28T14:59:11.962554,read,0.35,0,0,employee
USR0053,2025-10-28T15:12:20.962305,download,1.05,0,0,employee
USR0067,2025-10-28T16:40:58.963305,download,3.78,0,0,employee
USR0071,2025-10-28T16:51:41.963684,write,4.53,0,0,employee
USR0053,2025-10-28T17:07:20.962305,delete,0.23,0,0,employee
USR0071,2025-10-28T17:29:07.963684,download,4.63,0,0,employee
USR0022,2025-10-28T18:41:00.960247,delete,0.07,0,0,employee
USR0065,2025-10-28T21:00:02.963204,read,0.18,1,0,employee
USR0062,2025-10-28T21:12:44.963028,read,0.19,1,0,employee
USR0080,2025-10-28T23:50:33.964440,read,0.0,1,0,employee
USR0030,2025-10-29T00:16:29.960710,download,0.76,1,0,employee
USR0078,2025-10-29T01:29:24.964247,read,0.18,1,0,contractor
USR0028,2025-10-29T02:03:52.960565,modify,2.18,1,0,employee
USR0071,2025-10-29T02:20:37.963684,read,0.41,1,0,employee
USR0070,2025-10-29T04:17:21.963594,read,0.42,1,0,employee
USR0088,2025-10-29T06:12:41.965168,download,0.85,1,0,contractor
USR0001,2025-10-29T07:11:35.958788,read,0.4,0,0,contractor
USR0060,2025-10-29T11:45:49.962860,read,0.17,0,0,employee
USR0053,2025-10-29T17:41:38.962305,read,0.03,0,0,vendor
USR0039,2025-10-29T19:00:26.961356,read,0.27,0,0,employee
USR0073,2025-10-29T20:10:24.963861,modify,2.63,1,0,employee
USR0094,2025-10-29T20:45:37.965701,read,0.41,1,0,employee
USR0099,2025-10-29T20:46:07.966059,delete,0.11,1,0,employee
USR0085,2025-10-29T20:48:40.964715,read,0.32,1,0,employee
USR0088,2025-10-29T21:21:42.965168,download,2.67,1,0,contractor
USR0078,2025-10-29T22:30:49.964247,write,1.76,1,0,contractor
USR0004,2025-10-30T01:57:56.959076,read,0.16,1,0,employee
USR0097,2025-10-30T02:22:16.965894,download,0.82,1,0,employee
USR0077,2025-10-30T02:36:10.964194,download,0.04,1,0,employee
USR0051,2025-10-30T06:59:26.962144,read,0.07,1,0,vendor
USR0087,2025-10-30T09:02:56.964918,read,0.18,0,1,employee
USR0011,2025-10-30T10:23:48.959566,read,0.1,0,0,employee
USR0042,2025-10-30T11:58:39.961553,read,0.47,0,0,employee
USR0035,2025-10-30T14:04:39.961046,download,2.82,0,0,employee
USR0068,2025-10-30T14:21:34.963391,read,0.43,0,0,employee
USR0088,2025-10-30T14:58:38.965168,read,0.1,0,0,contractor
USR0039,2025-10-30T18:43:07.961356,write,1.07,0,0,employee
USR0016,2025-10-30T20:32:16.959878,read,0.36,1,0,employee
USR0012,2025-10-30T21:37:55.959643,read,0.31,1,0,employee
USR0042,2025-10-30T21:41:27.961553,write,3.85,1,0,vendor
USR0056,2025-10-30T22:52:58.962554,write,3.96,1,0,employee
USR0043,2025-10-31T00:02:45.961614,read,0.2,1,0,contractor
USR0078,2025-10-31T00:39:27.964247,modify,4.12,1,0,contractor
USR0086,2025-10-31T02:22:09.964821,read,0.04,1,0,employee
USR0022,2025-10-31T02:34:37.960247,read,0.37,1,0,employee
USR0058,2025-10-31T06:16:56.962718,download,3.3,1,0,employee
USR0068,2025-10-31T07:33:10.963391,read,0.34,0,0,employee
USR0050,2025-10-31T09:15:00.962096,write,0.75,0,0,employee
USR0091,2025-10-31T09:40:31.965434,read,0.03,0,0,employee
USR0069,2025-10-31T11:56:05.963487,modify,1.92,0,0,employee
USR0052,2025-10-31T12:16:20.962246,download,0.57,0,0,employee
USR0061,2025-10-31T12:49:57.962958,download,3.43,0,0,employee
USR0041,2025-10-31T13:15:59.961509,write,3.5,0,0,employee
USR0049,2025-10-31T13:55:51.962007,download,4.35,0,0,employee
USR0037,2025-10-31T15:11:54.961230,download,4.83,0,0,employee
